Order ID,Order Date,Customer Name,Region,Product Category,Product Name,Quantity,Unit Price,Total Sales,Profit,Payment Method
1001,23-11-2024,Steve Williams,West,Furniture,Bookshelf,4,753,3012,652.63,Debit Card
1002,17-07-2024,Dr. Ronald Faulkner,West,Furniture,Study Table,1,1286,1286,334.21,UPI
1003,19-05-2024,Susan Wagner,North,Electronics,Smartphone,3,986,2958,626.99,Cash
1004,19-04-2024,Brandon Lloyd,North,Furniture,Dining Table,2,1151,2302,449.82,Credit Card
1005,19-12-2024,Michele Guzman,East,Clothing,T-Shirt,1,1493,1493,400.15,Cash
1006,27-02-2024,Nicholas Nolan,West,Furniture,Study Table,3,1461,4383,1201.36,Debit Card
1007,22-09-2024,Justin Gomez,North,Electronics,Laptop,5,937,4685,553.97,Cash
1008,02-05-2024,Susan Levy,North,Electronics,Smartwatch,5,616,3080,743.24,Debit Card
1009,04-07-2024,Joseph Brown,South,Clothing,Shirt,5,609,3045,575.5,UPI
1010,22-12-2024,Alexis Cortez,West,Clothing,Jeans,3,396,1188,163.8,Credit Card
1011,03-06-2024,Rachel Garrett,West,Clothing,Jacket,4,161,644,75.97,Debit Card
1012,25-08-2024,Sean Sanchez MD,North,Electronics,Smartphone,5,1419,7095,1264.75,Debit Card
1013,04-12-2024,Thomas Walker,South,Electronics,Tablet,4,1207,4828,748.54,UPI
1014,07-11-2024,Regina West,North,Electronics,Smartwatch,5,256,1280,252.53,Debit Card
1015,01-02-2024,Sheri Bolton DDS,North,Electronics,Smartphone,3,259,777,187.31,Debit Card
1016,27-04-2024,Michelle Kelley,West,Furniture,Sofa,1,226,226,58,Credit Card
1017,12-11-2024,Christina Lloyd,East,Clothing,Shirt,5,1413,7065,811.06,Debit Card
1018,31-07-2024,Jill Carlson,East,Clothing,Shirt,1,821,821,97.13,Credit Card
1019,29-05-2024,David White,South,Clothing,T-Shirt,2,398,796,193.92,Debit Card
1020,15-11-2024,Lonnie Douglas,East,Clothing,T-Shirt,1,1134,1134,209.93,UPI
1021,04-07-2024,Michael Anderson,South,Electronics,Laptop,1,1344,1344,215.33,Debit Card
1022,28-02-2024,Sarah Villanueva,South,Electronics,Tablet,4,100,400,87.72,Debit Card
1023,24-12-2024,Melinda Massey,West,Furniture,Bookshelf,4,1186,4744,635.15,Credit Card
1024,22-07-2024,Robert Atkinson,East,Clothing,Jeans,2,721,1442,296.9,Cash
1025,13-12-2024,Samantha Barnes,North,Clothing,Jeans,1,985,985,232.71,UPI
1026,16-04-2024,Matthew Davies,South,Furniture,Bookshelf,2,1168,2336,556.35,Credit Card
1027,22-12-2024,Mrs. Erika Wilson,South,Furniture,Office Chair,5,595,2975,377.73,UPI
1028,15-08-2024,Sarah Sanchez,West,Clothing,Jacket,3,1228,3684,1066.08,UPI
1029,11-10-2024,Michael Watson,North,Furniture,Sofa,1,23,23,5.04,Debit Card
1030,07-03-2024,Robert Garcia,South,Electronics,Laptop,4,795,3180,769.78,Credit Card
1031,26-02-2024,Colleen Montoya,West,Furniture,Dining Table,4,1376,5504,1330.87,Cash
1032,03-09-2024,Kimberly Becker,South,Electronics,Smartwatch,2,934,1868,383.9,Credit Card
1033,11-01-2024,Colin Greer,East,Electronics,Bluetooth Speaker,3,659,1977,528.94,Cash
1034,16-02-2024,Jacob Hooper,South,Electronics,Tablet,1,287,287,85.34,Cash
1035,15-01-2024,Chloe Arellano,East,Furniture,Office Chair,2,49,98,23.86,Credit Card
1036,05-10-2024,Daniel Owen,North,Electronics,Smartphone,5,1349,6745,942.3,UPI
1037,29-12-2024,Kimberly Oliver,South,Clothing,Jeans,1,994,994,269.16,Credit Card
1038,20-11-2024,Daniel Lucas,West,Electronics,Smartwatch,4,257,1028,279.9,UPI
1039,16-05-2024,Antonio Mcdonald,West,Electronics,Laptop,3,58,174,18.87,UPI
1040,19-08-2024,William Gonzalez,East,Clothing,Jacket,3,1182,3546,999.87,Cash
1041,19-05-2024,Julie Barrera,West,Clothing,Dress,4,782,3128,857.95,Debit Card
1042,09-08-2024,Michael Levy,North,Furniture,Dining Table,3,38,114,14.56,UPI
1043,23-01-2024,Brooke Martin,East,Furniture,Bookshelf,1,712,712,182.19,Credit Card
1044,24-07-2024,Kyle Ramos,South,Furniture,Study Table,2,1214,2428,383.4,Debit Card
1045,08-03-2024,Michael Mccullough,North,Furniture,Office Chair,4,510,2040,584.97,Debit Card
1046,05-12-2024,Emily Howard,North,Clothing,T-Shirt,3,845,2535,677.13,Cash
1047,21-11-2024,Brittany Vazquez,North,Electronics,Smartphone,5,1005,5025,978.87,Credit Card
1048,26-06-2024,Gabriella Williams,North,Furniture,Office Chair,4,893,3572,384.22,Debit Card
1049,19-04-2024,Philip Olson,East,Electronics,Tablet,4,1328,5312,623.55,Debit Card
1050,24-08-2024,Ian Arroyo,South,Clothing,Jeans,1,808,808,82.07,UPI
1051,03-09-2024,Brandi Collins,South,Furniture,Sofa,5,1483,7415,1748.91,Credit Card
1052,17-10-2024,Matthew Smith,South,Furniture,Study Table,3,1218,3654,933.3,Debit Card
1053,15-03-2024,Caitlin Walker,South,Furniture,Office Chair,1,1457,1457,153.75,Debit Card
1054,23-06-2024,Shawn Carroll,East,Electronics,Bluetooth Speaker,4,545,2180,308.35,Debit Card
1055,09-06-2024,Shane Bradley,North,Clothing,Jeans,1,425,425,81.46,Debit Card
1056,26-10-2024,Amber Griffin,South,Electronics,Tablet,4,323,1292,274.91,Cash
1057,10-04-2024,Jill Dyer,West,Clothing,Jacket,4,1041,4164,945.28,Debit Card
1058,18-12-2024,Nicole Henson,West,Electronics,Smartwatch,3,679,2037,218.15,UPI
1059,11-07-2024,Ryan Williams,South,Clothing,Jeans,4,1213,4852,770.87,Credit Card
1060,15-11-2024,Robin Lopez,East,Electronics,Tablet,1,155,155,22.48,UPI
1061,02-09-2024,Sara Anderson,South,Electronics,Bluetooth Speaker,3,349,1047,272.36,UPI
1062,06-01-2024,Michael Stewart,East,Clothing,Dress,5,1048,5240,559.23,Credit Card
1063,23-03-2024,Paul Baird,South,Clothing,Dress,2,613,1226,253.88,Cash
1064,19-09-2024,Anne Wilson,East,Furniture,Dining Table,5,498,2490,672.96,Credit Card
1065,09-09-2024,Eric Barker,North,Clothing,Jeans,3,1058,3174,679.41,Credit Card
1066,11-03-2024,Scott Sanders,South,Furniture,Bookshelf,3,855,2565,453.57,Credit Card
1067,01-02-2024,Thomas Marsh,North,Electronics,Laptop,2,607,1214,298.51,Credit Card
1068,14-02-2024,Brandi Meyer,East,Electronics,Bluetooth Speaker,4,308,1232,244.39,Debit Card
1069,09-09-2024,Ashley Moore,South,Furniture,Sofa,1,1272,1272,245.82,Credit Card
1070,26-11-2024,Andrew Becker,West,Electronics,Bluetooth Speaker,2,61,122,12.99,UPI
1071,04-08-2024,Jacob Bradley,South,Electronics,Tablet,3,419,1257,222.09,Credit Card
1072,25-11-2024,Paul Miles,North,Electronics,Tablet,4,1278,5112,1157.68,Credit Card
1073,11-09-2024,Mathew Ellis MD,South,Clothing,Shirt,3,280,840,245.02,UPI
1074,04-12-2024,Christine Matthews,South,Clothing,T-Shirt,5,407,2035,219.04,Cash
1075,04-01-2024,Devon Morgan,East,Furniture,Study Table,4,750,3000,773.74,Credit Card
1076,22-05-2024,Gina Oliver,West,Electronics,Bluetooth Speaker,3,74,222,64.15,Debit Card
1077,17-01-2024,Chase Silva,East,Electronics,Tablet,5,880,4400,886.25,Debit Card
1078,20-05-2024,Joshua Carter,South,Furniture,Dining Table,4,192,768,220.53,Credit Card
1079,04-07-2024,Taylor Parker,South,Electronics,Bluetooth Speaker,2,82,164,42.36,Cash
1080,28-11-2024,Andrea Powell,North,Electronics,Bluetooth Speaker,3,1499,4497,676.88,Credit Card
1081,07-05-2024,Brian Hoffman,East,Electronics,Smartwatch,1,727,727,123.28,Debit Card
1082,05-07-2024,Ryan Cherry,West,Furniture,Office Chair,5,313,1565,221.6,Credit Card
1083,13-05-2024,Brian Jimenez,West,Clothing,T-Shirt,3,775,2325,553.1,Debit Card
1084,15-01-2024,Nicholas Kline,North,Electronics,Bluetooth Speaker,1,996,996,168.21,Debit Card
1085,23-12-2024,Justin Drake,North,Electronics,Laptop,3,706,2118,412.32,UPI
1086,05-09-2024,Robert Gonzalez,East,Clothing,Jacket,2,1234,2468,736.92,UPI
1087,26-03-2024,Adam Long,North,Electronics,Bluetooth Speaker,2,276,552,144,Debit Card
1088,20-07-2024,Thomas Kramer,East,Electronics,Laptop,3,782,2346,431.56,Debit Card
1089,04-10-2024,Jenny Richardson,West,Clothing,T-Shirt,4,179,716,172.15,Cash
1090,11-04-2024,Carol Lee,North,Furniture,Dining Table,4,311,1244,271.46,UPI
1091,14-02-2024,Scott Miles,East,Electronics,Laptop,4,1315,5260,914.46,Cash
1092,16-12-2024,Nicole Harris,North,Furniture,Office Chair,4,676,2704,509.05,UPI
1093,12-07-2024,Daniel Williams,West,Furniture,Office Chair,2,242,484,75.21,Cash
1094,05-11-2024,Charles Gonzalez,South,Furniture,Study Table,4,904,3616,487.97,UPI
1095,26-05-2024,Ronald Garcia,East,Clothing,Jeans,3,967,2901,656.51,Cash
1096,19-08-2024,Mrs. Jennifer Frazier,South,Electronics,Smartwatch,1,1451,1451,275.43,Credit Card
1097,06-12-2024,Meghan Barron,West,Electronics,Smartwatch,1,1308,1308,209.58,Cash
1098,19-11-2024,Mr. Michael Harris DDS,West,Clothing,Dress,1,1408,1408,280.95,Cash
1099,25-03-2024,Michael Burgess,East,Furniture,Office Chair,1,573,573,158.57,Credit Card
1100,03-05-2024,Amanda Hernandez,South,Furniture,Sofa,5,1211,6055,1465.27,Credit Card
1101,09-04-2024,Brittney Gray,West,Clothing,Jacket,3,600,1800,493.67,Credit Card
1102,24-04-2024,Renee Jones,East,Electronics,Smartphone,3,645,1935,400.02,Debit Card
1103,02-02-2024,Suzanne Jones,West,Electronics,Smartphone,4,613,2452,383.86,Debit Card
1104,20-02-2024,Adrian Anthony,North,Clothing,T-Shirt,4,1319,5276,1101.18,UPI
1105,08-05-2024,Rebecca Melton,East,Furniture,Bookshelf,5,1307,6535,833.62,Credit Card
1106,27-06-2024,Kathy Santana,North,Furniture,Sofa,5,978,4890,625.46,UPI
1107,14-07-2024,Brandon Bauer,North,Clothing,Dress,4,466,1864,364.12,Cash
1108,20-07-2024,Wanda Burgess,South,Clothing,T-Shirt,4,634,2536,326.03,Credit Card
1109,17-12-2024,Donna Santana,East,Clothing,Jeans,1,747,747,145.15,Credit Card
1110,11-06-2024,Karen Gibbs,East,Clothing,T-Shirt,4,33,132,22.74,Credit Card
1111,30-05-2024,Cynthia Hancock,North,Furniture,Bookshelf,2,308,616,154.2,Debit Card
1112,08-01-2024,April White,West,Electronics,Bluetooth Speaker,4,1487,5948,987.6,UPI
1113,15-07-2024,Faith Snyder,West,Furniture,Sofa,2,936,1872,536.6,UPI
1114,11-04-2024,Elizabeth Russell,South,Electronics,Laptop,2,929,1858,315.55,Cash
1115,10-11-2024,Christopher Walls,West,Furniture,Sofa,2,421,842,158.17,Credit Card
1116,02-04-2024,Ronald Brown,West,Furniture,Office Chair,2,1316,2632,307.76,UPI
1117,14-01-2024,Mr. Steve Guzman,East,Electronics,Laptop,2,1270,2540,405.14,UPI
1118,01-02-2024,Brittany Hatfield,South,Furniture,Sofa,4,130,520,117.72,Cash
1119,08-06-2024,John Ellis,East,Furniture,Bookshelf,4,461,1844,308.76,Credit Card
1120,09-02-2024,Christian Johnson,East,Electronics,Laptop,3,27,81,12.79,Debit Card
1121,27-08-2024,Fred Graves,West,Electronics,Bluetooth Speaker,2,1266,2532,453.99,Cash
1122,09-09-2024,James Frank,East,Electronics,Smartwatch,5,229,1145,253.36,UPI
1123,09-07-2024,Antonio Haynes,East,Furniture,Dining Table,4,685,2740,414.01,Debit Card
1124,26-08-2024,Gail Martinez,West,Furniture,Office Chair,2,1094,2188,370.1,UPI
1125,22-09-2024,Elizabeth Sweeney,North,Clothing,Jacket,3,1078,3234,879.64,Cash
1126,20-12-2024,Edward Reese,East,Furniture,Study Table,1,646,646,185.3,Credit Card
1127,21-09-2024,Mrs. Shannon Forbes,South,Furniture,Sofa,4,117,468,132.65,Cash
1128,15-01-2024,Jill Sherman,East,Furniture,Sofa,1,195,195,22.68,Debit Card
1129,25-06-2024,Mark Huber,South,Furniture,Study Table,4,1274,5096,588.22,Cash
1130,16-12-2024,Katelyn Santana,North,Electronics,Laptop,2,1023,2046,294.64,UPI
1131,20-07-2024,Laura Robinson,West,Furniture,Sofa,1,1160,1160,324.71,UPI
1132,06-02-2024,Stacey Burton,North,Furniture,Dining Table,5,966,4830,1000.94,UPI
1133,14-07-2024,Jennifer Torres,East,Electronics,Smartphone,1,1279,1279,328.32,Debit Card
1134,14-02-2024,Steven Henderson,East,Clothing,Dress,2,466,932,146.24,Cash
1135,02-02-2024,Jennifer Garcia,North,Electronics,Smartphone,4,1341,5364,828.72,Debit Card
1136,27-10-2024,Troy Moody,West,Clothing,Shirt,3,473,1419,351.87,Credit Card
1137,16-06-2024,Amanda Calhoun,South,Clothing,Jacket,3,498,1494,260.91,UPI
1138,06-05-2024,Angela Jones,North,Clothing,Jeans,2,51,102,21.48,UPI
1139,19-05-2024,Haley Thompson,West,Clothing,T-Shirt,2,830,1660,217.54,Credit Card
1140,18-11-2024,Sabrina Jones,West,Electronics,Laptop,4,1186,4744,1202.37,Debit Card
1141,12-12-2024,Aaron Hopkins,West,Clothing,Jeans,2,807,1614,275.5,Cash
1142,11-10-2024,Barbara Smith,South,Electronics,Tablet,1,1098,1098,240.71,Cash
1143,23-05-2024,Tasha Hall,South,Furniture,Office Chair,2,1157,2314,533.5,Cash
1144,25-02-2024,Brian Cooper,South,Clothing,Jacket,1,550,550,70.12,Debit Card
1145,10-04-2024,Vincent Cox,North,Furniture,Bookshelf,4,141,564,79.94,Debit Card
1146,02-07-2024,Elizabeth Johns,West,Furniture,Sofa,2,552,1104,186.39,UPI
1147,02-08-2024,Catherine Kaiser,West,Electronics,Smartwatch,5,1124,5620,627.4,UPI
1148,09-02-2024,Elizabeth Bennett,East,Electronics,Bluetooth Speaker,1,70,70,10.38,Debit Card
1149,27-02-2024,Regina Stewart,South,Clothing,Jacket,1,147,147,24.84,Debit Card
1150,04-04-2024,Clinton Watson,West,Electronics,Bluetooth Speaker,4,310,1240,212.79,UPI
1151,14-09-2024,Carlos Smith,North,Clothing,Dress,4,39,156,28.37,Cash
1152,31-01-2024,Bonnie Evans,West,Electronics,Tablet,1,857,857,249.21,Credit Card
1153,10-06-2024,Brenda Henderson,West,Clothing,Jeans,5,1375,6875,1394.16,Credit Card
1154,04-09-2024,David Chen,West,Furniture,Study Table,2,525,1050,303.65,Debit Card
1155,04-09-2024,Amy Ortiz,South,Clothing,T-Shirt,4,1244,4976,600.76,Debit Card
1156,11-06-2024,Stephanie Alexander,South,Clothing,Shirt,1,537,537,90.24,Credit Card
1157,24-05-2024,John Clements,West,Clothing,T-Shirt,4,203,812,139.4,Cash
1158,05-11-2024,Brian Jacobs,South,Electronics,Tablet,3,352,1056,260.94,UPI
1159,29-02-2024,Jill Ross,North,Furniture,Sofa,4,50,200,32.43,Cash
1160,25-10-2024,Christopher Chung,East,Electronics,Tablet,5,1150,5750,876.81,Cash
1161,12-05-2024,Brenda Ford,East,Furniture,Office Chair,4,729,2916,580.87,UPI
1162,04-09-2024,Paul Phillips,North,Clothing,T-Shirt,3,1414,4242,1001.45,Debit Card
1163,18-11-2024,Lisa Smith,North,Clothing,Shirt,3,810,2430,718.53,Debit Card
1164,25-04-2024,William Turner,North,Electronics,Tablet,3,516,1548,336.27,Debit Card
1165,24-08-2024,Michael Ruiz,West,Electronics,Smartwatch,1,1217,1217,320.4,UPI
1166,20-09-2024,Dr. Joshua Sullivan DDS,South,Furniture,Bookshelf,3,681,2043,406.5,Cash
1167,09-01-2024,Stephen Williams,West,Electronics,Smartphone,2,1184,2368,257.45,UPI
1168,09-04-2024,Steve Mckinney,South,Electronics,Bluetooth Speaker,3,1273,3819,525.23,UPI
1169,21-06-2024,David Campbell,West,Electronics,Tablet,2,149,298,69.07,Credit Card
1170,20-10-2024,Christina Miller,North,Clothing,Shirt,5,807,4035,1012.59,UPI
1171,28-01-2024,Elizabeth Morgan,North,Furniture,Office Chair,4,1490,5960,930.29,UPI
1172,24-07-2024,Stephanie Gill,West,Furniture,Study Table,4,310,1240,333.5,Cash
1173,27-01-2024,Dylan Meyer,West,Furniture,Sofa,1,1170,1170,330.51,Credit Card
1174,10-08-2024,Christine Garcia,North,Furniture,Dining Table,2,1413,2826,392.54,Cash
1175,03-09-2024,Natalie Strong,South,Electronics,Laptop,5,515,2575,398.85,Credit Card
1176,18-04-2024,Jacob Fuller,East,Clothing,Dress,2,1481,2962,562.58,Debit Card
1177,01-03-2024,Bryan Morales,North,Electronics,Bluetooth Speaker,1,893,893,202.67,UPI
1178,30-06-2024,Michael Gomez,East,Furniture,Bookshelf,5,691,3455,408.12,Cash
1179,02-07-2024,Claudia Burns,South,Electronics,Smartwatch,2,834,1668,295.78,Credit Card
1180,13-07-2024,Matthew Brown,North,Clothing,Dress,3,1184,3552,445.29,UPI
1181,26-04-2024,Jon Clay,East,Electronics,Bluetooth Speaker,4,1088,4352,553,UPI
1182,24-03-2024,John Oneal,South,Furniture,Office Chair,1,410,410,99.82,Credit Card
1183,04-01-2024,Veronica Mcdaniel,North,Furniture,Office Chair,3,824,2472,694.76,Cash
1184,01-02-2024,Natalie Caldwell,North,Clothing,Jeans,5,322,1610,291.15,Credit Card
1185,03-01-2024,Brian Smith,East,Electronics,Laptop,2,1004,2008,484.05,Credit Card
1186,14-04-2024,Melissa Acosta,East,Clothing,Dress,2,725,1450,377.04,Credit Card
1187,29-03-2024,Kenneth Lee,North,Clothing,Jeans,3,432,1296,337.01,UPI
1188,17-06-2024,Gary Jackson,South,Furniture,Dining Table,4,337,1348,338.8,Debit Card
1189,12-06-2024,Melissa Hernandez,North,Electronics,Tablet,2,1333,2666,539.72,Credit Card
1190,28-12-2024,Kelly Anderson,West,Electronics,Bluetooth Speaker,5,508,2540,666.63,UPI
1191,19-12-2024,Gregory Lucero,East,Clothing,Jeans,4,1158,4632,516.16,UPI
1192,14-06-2024,Jean Robinson,South,Electronics,Smartphone,1,895,895,198.25,UPI
1193,17-03-2024,Dan Mckinney,North,Furniture,Dining Table,3,1323,3969,491.24,Credit Card
1194,17-12-2024,David Miller,West,Electronics,Laptop,1,711,711,197.08,Credit Card
1195,13-03-2024,Patrick Byrd,West,Furniture,Office Chair,3,817,2451,692,UPI
1196,31-03-2024,Lisa Bush,North,Electronics,Bluetooth Speaker,1,922,922,157.66,UPI
1197,17-07-2024,Patricia Andrade,North,Clothing,Dress,4,390,1560,165.57,Debit Card
1198,08-06-2024,Mark Black,North,Furniture,Office Chair,3,217,651,81.16,Credit Card
1199,08-09-2024,Tara Villa,East,Electronics,Bluetooth Speaker,5,1434,7170,1654.02,UPI
1200,13-08-2024,David Alvarez,East,Furniture,Dining Table,4,995,3980,462.04,Cash
1201,10-05-2024,Andrew Martin,East,Furniture,Office Chair,5,216,1080,288.71,UPI
1202,02-01-2024,Adam Brown,North,Furniture,Office Chair,4,87,348,45.54,Credit Card
1203,15-06-2024,Tracy Sanders,West,Electronics,Bluetooth Speaker,3,341,1023,295.53,Debit Card
1204,23-12-2024,Corey Franklin,East,Electronics,Laptop,2,1299,2598,430.37,Cash
1205,23-08-2024,Rebecca Morris,North,Clothing,Dress,1,483,483,71.51,UPI
1206,25-06-2024,Dawn Boyd,South,Electronics,Laptop,3,482,1446,191.92,Cash
1207,14-03-2024,Daniel Warren,East,Furniture,Dining Table,2,811,1622,345.46,Debit Card
1208,13-03-2024,Danielle Daniel,West,Clothing,T-Shirt,4,1491,5964,1552.53,Credit Card
1209,27-04-2024,Scott Scott,East,Electronics,Smartwatch,5,27,135,14.53,Debit Card
1210,13-05-2024,Cynthia Torres,North,Electronics,Bluetooth Speaker,1,877,877,164.22,Debit Card
1211,02-08-2024,Joel Hardy,East,Electronics,Smartwatch,5,463,2315,478.44,Debit Card
1212,19-01-2024,Jennifer Snyder,South,Furniture,Dining Table,3,217,651,121.29,Debit Card
1213,19-06-2024,Brad Garcia,South,Furniture,Sofa,2,828,1656,245.11,Cash
1214,24-10-2024,Stephen Lewis,North,Clothing,T-Shirt,3,584,1752,485.32,Credit Card
1215,25-08-2024,Jeffery Fischer,North,Clothing,Shirt,4,505,2020,313.62,Cash
1216,18-11-2024,Tyler Wright,South,Clothing,T-Shirt,5,119,595,76.66,Credit Card
1217,26-03-2024,Seth Michael,South,Furniture,Sofa,4,234,936,227.11,Debit Card
1218,04-05-2024,Ashley Lam DDS,North,Electronics,Smartwatch,4,861,3444,453.93,Credit Card
1219,02-11-2024,Edward Ramos,South,Furniture,Bookshelf,2,1307,2614,448.36,Credit Card
1220,22-08-2024,Mark Nelson,South,Electronics,Smartwatch,2,1215,2430,400.79,Credit Card
1221,07-01-2024,Richard Garcia,North,Furniture,Dining Table,4,91,364,86.07,Cash
1222,11-10-2024,Daniel Hobbs,North,Clothing,Jeans,3,294,882,111.51,Debit Card
1223,13-09-2024,Joseph Patterson,East,Electronics,Bluetooth Speaker,5,835,4175,804.54,Cash
1224,20-01-2024,Matthew Wilson,West,Clothing,Shirt,2,366,732,95.59,Debit Card
1225,13-10-2024,Crystal Moran,North,Electronics,Tablet,2,1029,2058,352.73,UPI
1226,31-07-2024,Connie Decker,North,Clothing,T-Shirt,4,556,2224,622.37,UPI
1227,03-04-2024,Eric Murphy,South,Clothing,Jeans,4,1157,4628,745.33,UPI
1228,24-05-2024,Donna Jackson,South,Furniture,Sofa,5,647,3235,947.62,Credit Card
1229,10-11-2024,Jonathan Richardson,East,Clothing,Jeans,2,30,60,13,Debit Card
1230,03-09-2024,Carlos Foster,West,Clothing,Shirt,5,247,1235,189.37,Cash
1231,09-03-2024,Angela Hubbard,South,Electronics,Smartphone,1,256,256,71.29,UPI
1232,30-10-2024,Kathleen Saunders,South,Electronics,Bluetooth Speaker,3,1216,3648,873.1,Debit Card
1233,23-03-2024,Carlos Hall,West,Electronics,Tablet,5,179,895,229.21,Credit Card
1234,29-05-2024,Kevin Fuller,West,Clothing,Jeans,5,857,4285,949.77,Cash
1235,15-12-2024,Lisa Johnson,South,Clothing,Dress,3,63,189,41.11,Debit Card
1236,19-08-2024,Jesus Smith,East,Furniture,Dining Table,1,788,788,225.29,Cash
1237,26-03-2024,Carla Koch,East,Furniture,Study Table,5,952,4760,513.23,UPI
1238,10-11-2024,Karen Edwards,North,Clothing,Dress,5,1340,6700,1198.08,Debit Card
1239,25-11-2024,Chad Morales,West,Electronics,Tablet,3,346,1038,166.59,Cash
1240,15-03-2024,Rachel Cruz,South,Electronics,Smartphone,4,825,3300,703.64,Credit Card
1241,23-01-2024,Ethan Burgess,North,Furniture,Sofa,2,247,494,78.71,Credit Card
1242,06-04-2024,Jeremy Swanson,East,Electronics,Smartphone,2,1221,2442,517.08,Credit Card
1243,12-09-2024,Gregory Martin,East,Furniture,Dining Table,5,1024,5120,1243.26,Cash
1244,07-01-2024,Joshua Oconnor,West,Clothing,Jacket,3,219,657,155.81,Debit Card
1245,28-02-2024,John Brown,North,Furniture,Bookshelf,3,480,1440,146.58,UPI
1246,03-04-2024,Darius Valdez,North,Electronics,Smartphone,3,1194,3582,660.73,Cash
1247,26-01-2024,Haley Beck,South,Electronics,Laptop,3,428,1284,319.05,UPI
1248,22-02-2024,Cindy Graham,East,Furniture,Sofa,5,284,1420,378.05,Cash
1249,19-05-2024,Matthew Chandler,North,Furniture,Dining Table,4,488,1952,451.37,UPI
1250,31-10-2024,Janet Ortiz,North,Furniture,Bookshelf,3,840,2520,638.73,Credit Card
1251,12-04-2024,Regina Hooper,West,Furniture,Bookshelf,1,933,933,122.09,Debit Card
1252,30-09-2024,Andrew Dorsey,South,Furniture,Sofa,2,245,490,115.75,Cash
1253,07-06-2024,Carolyn Mason,South,Clothing,Dress,5,1285,6425,926.04,UPI
1254,29-08-2024,Kayla Oconnor,East,Furniture,Study Table,3,1080,3240,767.18,Cash
1255,27-02-2024,David Clayton,East,Furniture,Sofa,2,903,1806,536.08,Cash
1256,09-03-2024,Alex Drake,West,Electronics,Smartwatch,2,689,1378,187.01,UPI
1257,06-03-2024,Sara Hoffman,East,Electronics,Laptop,1,36,36,6.36,Debit Card
1258,05-10-2024,Timothy Harper,South,Electronics,Tablet,5,428,2140,248.91,Debit Card
1259,28-08-2024,Michelle Mendez,West,Electronics,Tablet,5,870,4350,493.1,Debit Card
1260,16-01-2024,Robert Oconnor,South,Electronics,Bluetooth Speaker,4,992,3968,1037.54,Debit Card
1261,11-01-2024,Stacy Crawford,North,Furniture,Office Chair,5,571,2855,301.8,UPI
1262,19-05-2024,Chris Young,North,Furniture,Sofa,2,1240,2480,504.45,Credit Card
1263,18-05-2024,Paul Morgan,West,Clothing,T-Shirt,3,69,207,49.36,Cash
1264,07-11-2024,James Collins DVM,East,Electronics,Tablet,3,432,1296,238.77,Credit Card
1265,01-08-2024,Andrew Schmidt,South,Clothing,Dress,1,1062,1062,295.93,Debit Card
1266,02-08-2024,Michael Bryant,South,Furniture,Dining Table,3,283,849,155.57,Credit Card
1267,07-10-2024,Gregory Williams,North,Clothing,Shirt,3,498,1494,285,Cash
1268,16-04-2024,Amanda Becker,South,Furniture,Office Chair,4,32,128,26.94,Debit Card
1269,14-08-2024,Tanya Cooley,West,Furniture,Study Table,3,997,2991,583.3,Cash
1270,22-10-2024,Joseph Peterson,West,Furniture,Bookshelf,4,1247,4988,1428.43,Credit Card
1271,20-11-2024,Christine Knight,East,Electronics,Smartwatch,5,1312,6560,1539.19,Debit Card
1272,07-05-2024,Terri Sanchez,South,Furniture,Office Chair,3,1293,3879,1012.55,Cash
1273,18-09-2024,Melanie Gomez,South,Clothing,Jeans,4,1036,4144,573.57,Credit Card
1274,21-12-2024,Brittany Mathis,South,Furniture,Dining Table,2,691,1382,188.84,Debit Card
1275,14-11-2024,Robert Cunningham,West,Clothing,Shirt,4,1378,5512,1180.38,Cash
1276,13-05-2024,Mario Morris,West,Electronics,Laptop,4,1256,5024,1349.97,Credit Card
1277,31-10-2024,Jeffrey Jackson,West,Electronics,Smartphone,2,517,1034,195.06,Credit Card
1278,02-11-2024,Andrew Martinez,West,Clothing,Dress,3,1418,4254,713.1,Debit Card
1279,26-12-2024,Nathan Browning,South,Furniture,Dining Table,3,1489,4467,838.14,UPI
1280,14-09-2024,Paula Burgess,West,Furniture,Office Chair,2,470,940,235.78,Cash
1281,13-03-2024,Timothy Ramirez,East,Furniture,Dining Table,2,773,1546,372.34,Cash
1282,18-11-2024,Christopher Hopkins,South,Electronics,Smartphone,4,1219,4876,1043.09,Debit Card
1283,02-03-2024,Teresa Chen,South,Clothing,T-Shirt,2,1107,2214,506.11,UPI
1284,30-07-2024,Nicole Baker,South,Furniture,Dining Table,5,155,775,89.63,Credit Card
1285,20-04-2024,Richard Weiss,East,Electronics,Bluetooth Speaker,5,757,3785,614.75,Debit Card
1286,18-04-2024,Kimberly Spencer,South,Clothing,T-Shirt,5,1069,5345,927.37,UPI
1287,12-05-2024,Richard Moody,West,Electronics,Tablet,4,590,2360,650.43,Cash
1288,24-11-2024,Jorge Mueller,North,Furniture,Dining Table,3,487,1461,386.91,Credit Card
1289,29-09-2024,Kristine Ward,South,Electronics,Laptop,3,1303,3909,847.61,Credit Card
1290,15-01-2024,Jennifer Mendez,East,Clothing,Dress,4,674,2696,477.48,Credit Card
1291,08-11-2024,Stephanie Cox,East,Furniture,Dining Table,2,310,620,171.76,Cash
1292,02-03-2024,Lynn Burton,North,Electronics,Smartphone,3,561,1683,297.65,UPI
1293,12-07-2024,Nicolas Duncan,North,Furniture,Dining Table,2,1129,2258,470.53,Credit Card
1294,04-04-2024,Tony House,North,Electronics,Bluetooth Speaker,1,1324,1324,360.92,Debit Card
1295,31-01-2024,Cynthia Reeves,East,Furniture,Office Chair,5,1169,5845,1072.74,UPI
1296,01-12-2024,Renee Bush,West,Clothing,T-Shirt,5,173,865,235.49,Cash
1297,14-03-2024,Thomas Reilly,West,Electronics,Tablet,2,731,1462,174.51,Debit Card
1298,03-09-2024,Dillon Kim,South,Clothing,Jeans,4,432,1728,383.19,UPI
1299,21-10-2024,Lisa Davis,West,Electronics,Smartwatch,3,1140,3420,924.95,Cash
1300,12-01-2024,Phillip Harris MD,East,Furniture,Study Table,3,1169,3507,816.75,Credit Card
1301,18-06-2024,Lori Price,North,Clothing,Jacket,3,1466,4398,1127.68,Credit Card
1302,07-12-2024,Lauren Gomez,West,Electronics,Tablet,1,618,618,161.09,UPI
1303,08-08-2024,Michael Murphy,East,Electronics,Tablet,5,729,3645,995.13,Cash
1304,10-01-2024,Thomas Taylor,South,Clothing,Shirt,4,271,1084,125.82,UPI
1305,01-02-2024,Hannah Smith,North,Electronics,Smartwatch,2,1306,2612,489.47,Credit Card
1306,15-03-2024,Megan Ruiz,North,Electronics,Smartphone,3,176,528,144.76,UPI
1307,02-05-2024,Sarah Landry,West,Clothing,Jacket,1,1470,1470,220.15,UPI
1308,02-05-2024,Calvin Haney,West,Clothing,T-Shirt,4,877,3508,547.86,UPI
1309,03-09-2024,Michael Larson,South,Furniture,Dining Table,4,939,3756,907.65,UPI
1310,05-06-2024,Kayla Martin,South,Electronics,Tablet,1,493,493,118.93,Cash
1311,12-12-2024,John May,West,Electronics,Laptop,1,651,651,77.91,Debit Card
1312,23-10-2024,Monica Stone,West,Furniture,Office Chair,3,1096,3288,600.98,Cash
1313,15-11-2024,Natasha Welch,East,Furniture,Bookshelf,4,903,3612,701.25,Debit Card
1314,10-03-2024,Kevin Miller,West,Clothing,Shirt,3,434,1302,195.1,UPI
1315,05-08-2024,Derek Mcbride,West,Electronics,Laptop,5,532,2660,555.5,Debit Card
1316,07-05-2024,Dawn Green,West,Clothing,Dress,2,518,1036,260.71,Debit Card
1317,29-12-2024,Thomas Sherman,East,Clothing,Jeans,5,633,3165,822.02,Cash
1318,23-06-2024,Amanda Richards,South,Electronics,Smartphone,4,363,1452,255.85,Debit Card
1319,06-09-2024,Stephanie Stewart,East,Furniture,Dining Table,5,1030,5150,621.13,Credit Card
1320,28-01-2024,Richard Carr,North,Electronics,Smartphone,2,830,1660,315.53,Cash
1321,11-11-2024,Christopher Cook,West,Furniture,Sofa,3,176,528,147.05,Debit Card
1322,11-09-2024,Raymond Brown,East,Clothing,Jeans,1,129,129,26.09,Cash
1323,02-02-2024,Gwendolyn Hess,North,Electronics,Bluetooth Speaker,2,1248,2496,562.54,Credit Card
1324,01-02-2024,Lawrence Hudson,North,Clothing,Jeans,3,1385,4155,712.98,UPI
1325,10-05-2024,Kayla Archer,North,Electronics,Smartphone,4,428,1712,379.57,Cash
1326,30-11-2024,Brandy Schaefer,North,Furniture,Sofa,2,993,1986,523.8,UPI
1327,11-03-2024,Alicia Blackwell,North,Clothing,Shirt,4,830,3320,716.29,Debit Card
1328,16-03-2024,Matthew Hale,West,Electronics,Bluetooth Speaker,2,563,1126,228.44,Cash
1329,05-11-2024,Anthony Saunders,East,Furniture,Bookshelf,4,637,2548,487.28,Debit Card
1330,03-10-2024,Thomas Mcintosh,East,Furniture,Sofa,1,57,57,7.99,UPI
1331,07-06-2024,Henry Winters,North,Electronics,Laptop,2,1285,2570,346.22,UPI
1332,20-10-2024,Eric Sweeney,West,Electronics,Smartphone,1,1264,1264,358.08,UPI
1333,25-06-2024,Andre Lang,East,Electronics,Bluetooth Speaker,4,763,3052,829.07,Cash
1334,14-03-2024,Amy Davis,North,Electronics,Smartphone,2,49,98,21.44,UPI
1335,11-01-2024,Christopher Gilbert,West,Clothing,Jeans,4,423,1692,277.24,Cash
1336,10-09-2024,Erica Gibbs,West,Clothing,Jeans,5,1231,6155,1237.93,Credit Card
1337,16-10-2024,Kathleen Miller,West,Electronics,Bluetooth Speaker,5,84,420,96.3,Credit Card
1338,21-01-2024,Jennifer Bowers,West,Furniture,Bookshelf,3,1316,3948,1118.17,Credit Card
1339,25-12-2024,Matthew Davis,South,Furniture,Study Table,3,1365,4095,1021.31,Cash
1340,17-11-2024,Ian Garcia,West,Clothing,Jacket,3,1342,4026,465.33,Credit Card
1341,13-01-2024,Jose Ballard,South,Clothing,Jacket,5,1483,7415,1341.46,Cash
1342,15-01-2024,George Blackburn,East,Clothing,Jeans,5,878,4390,1111.8,Credit Card
1343,27-09-2024,Christopher Mccall,South,Electronics,Bluetooth Speaker,3,1425,4275,1050.77,UPI
1344,05-09-2024,Terri Villa,East,Furniture,Office Chair,3,1062,3186,844.43,Credit Card
1345,07-05-2024,Karen Barron,South,Electronics,Tablet,1,303,303,84.13,Cash
1346,20-09-2024,Darrell Reid,East,Furniture,Office Chair,3,1314,3942,1040.53,Cash
1347,07-05-2024,David Perez,East,Clothing,Shirt,2,119,238,33.76,Credit Card
1348,07-12-2024,Jack Cunningham,North,Clothing,Dress,2,1167,2334,574.7,Cash
1349,30-05-2024,Alexis Conrad,West,Furniture,Dining Table,1,932,932,256.93,Debit Card
1350,03-01-2024,Michelle Jackson,South,Clothing,Jeans,5,364,1820,484.41,UPI
1351,27-02-2024,Roger Hicks,East,Furniture,Bookshelf,2,845,1690,400.41,Credit Card
1352,15-01-2024,Timothy Berry,West,Electronics,Smartwatch,2,308,616,164.18,Credit Card
1353,27-02-2024,Megan James,East,Furniture,Office Chair,3,317,951,157.92,Credit Card
1354,11-01-2024,Keith Parks,South,Furniture,Study Table,3,943,2829,470.64,Cash
1355,03-10-2024,Chad Dixon,South,Clothing,Shirt,1,185,185,30.17,Cash
1356,26-07-2024,Carlos Knight,West,Clothing,Dress,5,892,4460,908.64,Debit Card
1357,16-05-2024,Jessica Graham,East,Clothing,Dress,5,661,3305,428.45,Debit Card
1358,01-07-2024,Thomas Allen,East,Electronics,Smartphone,4,1340,5360,1141.9,UPI
1359,05-07-2024,Kevin Houston,South,Clothing,Jacket,3,1383,4149,1136.29,Cash
1360,17-04-2024,Jacqueline Johnson,West,Clothing,Jacket,5,975,4875,987.1,Credit Card
1361,25-08-2024,Sherri Hill,East,Clothing,Dress,3,720,2160,558.36,Debit Card
1362,25-08-2024,Robert Maynard,West,Clothing,T-Shirt,4,247,988,171.51,Credit Card
1363,11-02-2024,Sarah Thomas,East,Clothing,Shirt,1,102,102,21.83,UPI
1364,01-06-2024,Jason Berg,South,Electronics,Smartwatch,3,1015,3045,598.73,Credit Card
1365,01-06-2024,Brian Murray,West,Clothing,Jeans,4,725,2900,686.38,Credit Card
1366,28-06-2024,Gilbert Jenkins,West,Clothing,Dress,5,1368,6840,2049.08,Cash
1367,17-08-2024,Sharon Gill,East,Clothing,Jacket,5,1010,5050,720.16,Cash
1368,13-02-2024,Haley Fuller,North,Clothing,Shirt,2,1272,2544,479.13,Cash
1369,24-10-2024,Joseph Brown,North,Clothing,Jeans,5,899,4495,801.41,Cash
1370,06-12-2024,Cassandra Silva,North,Furniture,Study Table,2,542,1084,317.09,Cash
1371,24-04-2024,Andrew Arnold,North,Electronics,Tablet,3,1297,3891,881.81,Debit Card
1372,14-01-2024,Debra Luna,East,Electronics,Smartwatch,5,374,1870,387.66,Cash
1373,14-05-2024,Brian Kelly,West,Furniture,Study Table,2,1249,2498,428.63,Credit Card
1374,13-01-2024,James Jones,West,Clothing,Dress,2,621,1242,221,UPI
1375,03-10-2024,Angela Coleman,West,Furniture,Bookshelf,1,108,108,14.95,Debit Card
1376,09-10-2024,Caroline Clark,South,Clothing,Dress,1,533,533,106.76,Cash
1377,29-03-2024,Chad Snyder,North,Furniture,Sofa,1,255,255,71.02,Debit Card
1378,15-12-2024,Nancy Moran,South,Furniture,Dining Table,5,917,4585,741.74,Cash
1379,10-05-2024,Rebekah Sloan,East,Furniture,Study Table,1,184,184,55.03,Credit Card
1380,21-11-2024,Scott Nolan,East,Clothing,Shirt,5,697,3485,1014.62,Debit Card
1381,13-05-2024,Tracy Patel,South,Electronics,Smartphone,1,659,659,77.96,Debit Card
1382,26-02-2024,Victoria Manning,West,Clothing,Shirt,5,425,2125,330.53,Debit Card
1383,28-04-2024,Thomas Gray,North,Clothing,Jeans,2,286,572,157.41,Cash
1384,31-05-2024,Kayla Oconnell,West,Furniture,Study Table,5,575,2875,405.05,Cash
1385,06-06-2024,Melinda Moore,South,Electronics,Laptop,5,55,275,46.83,Debit Card
1386,02-01-2024,Madison Pollard,North,Clothing,Jacket,1,1495,1495,358.62,Debit Card
1387,08-12-2024,Melissa Holland,South,Electronics,Laptop,2,1202,2404,565.16,Debit Card
1388,20-03-2024,Lindsey Palmer,West,Electronics,Bluetooth Speaker,5,104,520,104.35,Debit Card
1389,13-04-2024,Lisa Bennett,North,Furniture,Bookshelf,4,493,1972,568.18,Debit Card
1390,04-11-2024,Brian Cox,North,Electronics,Smartwatch,4,577,2308,393.57,Debit Card
1391,07-10-2024,Mr. Jesse Silva,East,Furniture,Dining Table,4,154,616,83.18,Credit Card
1392,08-04-2024,Robin Perez,West,Clothing,Jeans,4,315,1260,232.48,Debit Card
1393,02-03-2024,Samantha Miller,South,Clothing,T-Shirt,3,922,2766,815.55,Credit Card
1394,28-11-2024,Stacey Johnson,West,Furniture,Sofa,4,1145,4580,573.29,Credit Card
1395,06-09-2024,Sherry Holmes,South,Furniture,Dining Table,4,1077,4308,1086.83,Debit Card
1396,24-08-2024,Jessica Sutton,South,Furniture,Study Table,4,199,796,95.13,Credit Card
1397,12-04-2024,Chad Price,West,Clothing,Dress,2,86,172,24.13,Credit Card
1398,09-12-2024,Anthony Brooks,West,Clothing,Dress,4,162,648,179.82,Debit Card
1399,07-11-2024,Kevin Cook,East,Electronics,Bluetooth Speaker,1,412,412,117.4,Debit Card
1400,15-07-2024,Amanda Harvey,South,Clothing,Jeans,5,1201,6005,1224.77,Cash
1401,14-04-2024,Katherine Newman,East,Clothing,Jacket,4,1330,5320,1202.64,UPI
1402,02-07-2024,David Diaz,West,Furniture,Study Table,1,424,424,79.76,Credit Card
1403,27-04-2024,Sandra Thomas,North,Electronics,Laptop,4,986,3944,466.5,UPI
1404,27-01-2024,Karen Knight,East,Furniture,Bookshelf,3,1393,4179,492.02,Cash
1405,08-06-2024,Deborah Hall,West,Furniture,Dining Table,5,1359,6795,799.58,Cash
1406,13-02-2024,Ian Davis,North,Electronics,Smartphone,4,599,2396,308.59,Debit Card
1407,12-09-2024,Samantha Taylor,East,Electronics,Tablet,3,675,2025,479.31,UPI
1408,04-08-2024,Andrew Sullivan,South,Electronics,Laptop,3,1087,3261,780.89,Cash
1409,28-09-2024,Katherine Vaughn,West,Electronics,Laptop,4,177,708,111.55,Debit Card
1410,27-12-2024,Gregory Deleon,South,Clothing,Dress,3,338,1014,220.12,UPI
1411,04-12-2024,Aaron Perez,South,Clothing,Jeans,1,343,343,43.86,Debit Card
1412,21-11-2024,Mrs. Alexa Kelly,North,Electronics,Smartwatch,4,1193,4772,558.59,Credit Card
1413,16-07-2024,Anna Torres,East,Electronics,Bluetooth Speaker,2,1085,2170,235.54,Cash
1414,13-06-2024,Jacob James,South,Furniture,Dining Table,3,1459,4377,930.1,Debit Card
1415,21-10-2024,Dwayne Gonzalez,South,Electronics,Smartphone,5,1080,5400,712.65,Debit Card
1416,28-10-2024,Dr. Ian Cruz,West,Electronics,Laptop,2,1467,2934,646.11,Debit Card
1417,20-02-2024,Barbara Kelly,East,Clothing,Shirt,2,159,318,38.52,UPI
1418,03-12-2024,Matthew Brooks,East,Clothing,Dress,5,548,2740,590.92,Credit Card
1419,21-12-2024,Donald Kaufman,South,Electronics,Bluetooth Speaker,1,730,730,121.6,Cash
1420,24-10-2024,Wendy Delacruz,West,Electronics,Smartwatch,2,454,908,231.75,Debit Card
1421,05-07-2024,Barbara Moore,East,Clothing,Jeans,4,674,2696,794.83,UPI
1422,28-12-2024,Cody Blanchard,North,Furniture,Dining Table,5,1141,5705,1687.73,Cash
1423,12-07-2024,Michael Hester,North,Electronics,Smartwatch,1,931,931,213.95,Debit Card
1424,29-06-2024,Veronica Bray,South,Clothing,Jacket,3,193,579,100.51,Credit Card
1425,07-08-2024,Connie Ross,North,Furniture,Sofa,1,1313,1313,335.27,Cash
1426,30-04-2024,Mr. Michael Davis,East,Furniture,Dining Table,5,1079,5395,749.53,UPI
1427,03-05-2024,Travis Hoover,South,Electronics,Bluetooth Speaker,3,425,1275,251.12,UPI
1428,16-06-2024,Ms. Amanda Davis,West,Clothing,Dress,2,1266,2532,505.09,Credit Card
1429,18-03-2024,Cassandra White,East,Electronics,Smartwatch,3,1471,4413,1065.26,Credit Card
1430,28-09-2024,David Williams,West,Furniture,Bookshelf,3,1293,3879,946.92,UPI
1431,28-05-2024,Beverly Underwood,South,Furniture,Study Table,1,531,531,91.07,Cash
1432,23-08-2024,Christina Figueroa,East,Electronics,Smartwatch,4,913,3652,664.76,Credit Card
1433,17-03-2024,Kelly Howell,South,Clothing,Dress,2,216,432,44.54,Cash
1434,10-06-2024,Christopher Young,North,Electronics,Bluetooth Speaker,1,883,883,98.42,Debit Card
1435,26-12-2024,John Smith,North,Furniture,Bookshelf,5,274,1370,289.87,Credit Card
1436,22-03-2024,Preston Gilbert,South,Electronics,Smartphone,1,714,714,178.94,Debit Card
1437,14-04-2024,Gregory Richardson,West,Electronics,Smartwatch,5,964,4820,734.11,Cash
1438,11-05-2024,Margaret Carlson,West,Furniture,Office Chair,1,29,29,3.52,UPI
1439,05-02-2024,Brian Garcia,East,Clothing,T-Shirt,5,636,3180,883.29,UPI
1440,10-01-2024,Lisa Hopkins,South,Clothing,T-Shirt,2,247,494,116.98,Debit Card
1441,27-05-2024,William Flores,East,Electronics,Bluetooth Speaker,3,1441,4323,577.39,Cash
1442,12-06-2024,Barbara Garcia,South,Electronics,Smartphone,1,654,654,76.24,Debit Card
1443,19-12-2024,Jordan West,North,Furniture,Sofa,2,968,1936,443.4,Debit Card
1444,10-03-2024,Gerald Butler,West,Furniture,Office Chair,5,882,4410,1296.97,UPI
1445,26-05-2024,Jonathan Wilkins,South,Furniture,Dining Table,3,988,2964,669.2,UPI
1446,01-12-2024,David Castillo,South,Furniture,Bookshelf,2,401,802,221.2,UPI
1447,29-12-2024,Jeremy Barron,North,Clothing,T-Shirt,3,991,2973,667.08,Debit Card
1448,02-08-2024,Phillip Griffin,West,Electronics,Smartphone,4,1079,4316,1138.17,Debit Card
1449,15-06-2024,John Thomas,South,Furniture,Dining Table,3,1149,3447,436.32,Cash
1450,20-06-2024,Matthew Greene,West,Furniture,Sofa,3,44,132,18.41,Credit Card
1451,26-12-2024,Ronald Cohen,South,Furniture,Study Table,1,1492,1492,304.07,UPI
1452,13-03-2024,Joseph Nunez,North,Electronics,Smartphone,4,66,264,55.15,Credit Card
1453,23-01-2024,Andrew Berg,North,Electronics,Tablet,3,877,2631,499.3,Credit Card
1454,08-11-2024,Steven Myers,South,Electronics,Smartphone,3,796,2388,546.07,Debit Card
1455,13-03-2024,Corey Myers,South,Furniture,Sofa,4,1154,4616,462.21,UPI
1456,01-11-2024,Patricia Morgan,South,Clothing,Dress,2,837,1674,393.25,Cash
1457,22-10-2024,Kelly Ramsey,North,Clothing,Shirt,5,638,3190,618.66,UPI
1458,12-03-2024,Kimberly York,South,Furniture,Dining Table,2,729,1458,156.67,Cash
1459,14-08-2024,Mark Williamson,East,Furniture,Office Chair,2,698,1396,204.11,UPI
1460,15-12-2024,Tanya George,West,Electronics,Laptop,4,161,644,164.32,Credit Card
1461,13-01-2024,Taylor Bridges,South,Electronics,Laptop,1,1359,1359,277.29,Cash
1462,03-08-2024,April Brown,East,Electronics,Smartwatch,4,921,3684,597.92,Debit Card
1463,04-04-2024,Michael Walker,North,Furniture,Study Table,1,1373,1373,169.35,UPI
1464,22-09-2024,Vincent Black,North,Furniture,Sofa,1,1220,1220,322.04,Cash
1465,25-12-2024,Virginia Mcclure,South,Electronics,Smartphone,3,470,1410,403.27,UPI
1466,11-05-2024,Corey Watson PhD,East,Clothing,Jeans,4,159,636,117.53,Credit Card
1467,05-10-2024,Jeffrey Alvarado,East,Furniture,Office Chair,3,652,1956,218.29,Credit Card
1468,24-11-2024,Andrea Robinson MD,West,Electronics,Tablet,2,982,1964,451.47,Credit Card
1469,01-03-2024,Jennifer Marshall,East,Clothing,Shirt,2,228,456,52.61,Credit Card
1470,28-07-2024,Jacob Williams,South,Electronics,Smartphone,4,906,3624,420.6,Cash
1471,06-06-2024,Scott Richards,North,Clothing,Jeans,5,228,1140,145.51,Cash
1472,05-12-2024,Kimberly Schultz,East,Clothing,Jeans,1,1303,1303,262.31,Debit Card
1473,16-09-2024,Marvin Burns,South,Electronics,Bluetooth Speaker,3,1102,3306,935.54,UPI
1474,27-05-2024,Andrea Jacobs,North,Electronics,Tablet,1,332,332,73.37,UPI
1475,10-10-2024,Adrian Barnes DDS,West,Furniture,Dining Table,3,62,186,18.9,UPI
1476,01-05-2024,Alexander Stokes,South,Clothing,Jeans,2,401,802,98.78,Cash
1477,26-08-2024,Alyssa Boyer,East,Clothing,Jeans,3,554,1662,437.89,Debit Card
1478,18-07-2024,John Rodriguez,East,Clothing,Jacket,3,429,1287,382.33,Cash
1479,22-06-2024,Ryan Robinson,West,Electronics,Smartwatch,3,408,1224,277.8,UPI
1480,29-05-2024,Tammy Perez,East,Furniture,Office Chair,3,814,2442,516.4,UPI
1481,17-08-2024,Brandon Moore,West,Electronics,Bluetooth Speaker,1,882,882,182.94,UPI
1482,31-08-2024,Karina Moses,East,Electronics,Smartwatch,1,705,705,161.95,UPI
1483,23-07-2024,Francisco Daniel,East,Electronics,Laptop,3,776,2328,664.24,Debit Card
1484,10-01-2024,Lawrence Walls,South,Furniture,Study Table,5,1269,6345,1387.4,UPI
1485,21-02-2024,Stacey Wilson,West,Clothing,T-Shirt,3,30,90,9.54,UPI
1486,15-06-2024,Mark Baker,West,Electronics,Bluetooth Speaker,2,1214,2428,509.22,Credit Card
1487,14-02-2024,James Pratt,South,Clothing,Shirt,2,949,1898,522.23,UPI
1488,14-03-2024,Kimberly Brown,West,Furniture,Bookshelf,1,54,54,9.92,Cash
1489,19-07-2024,Candice Simpson,West,Electronics,Bluetooth Speaker,5,50,250,58.35,Cash
1490,09-01-2024,Deanna Taylor,South,Furniture,Sofa,2,335,670,157.95,Cash
1491,08-02-2024,Jennifer Gibbs,West,Clothing,Jeans,3,149,447,107.38,Credit Card
1492,27-01-2024,Brian Jones,South,Furniture,Study Table,1,335,335,50.27,UPI
1493,15-08-2024,Andrew Pittman,South,Clothing,Dress,3,1122,3366,826.89,Cash
1494,27-03-2024,Justin Zimmerman,North,Electronics,Smartwatch,5,665,3325,503.41,Cash
1495,09-03-2024,Tonya Ross,West,Clothing,Shirt,1,1043,1043,299.82,Cash
1496,24-08-2024,Jessica Moore,East,Furniture,Sofa,1,64,64,11.71,UPI
1497,06-10-2024,Hannah Cooke,South,Clothing,T-Shirt,1,1029,1029,242.58,UPI
1498,26-11-2024,John Edwards,South,Clothing,Dress,5,931,4655,983.03,Debit Card
1499,19-02-2024,Matthew Hammond,South,Clothing,T-Shirt,5,748,3740,531.27,Credit Card
1500,02-02-2024,Erin Brennan,West,Electronics,Smartphone,2,1261,2522,480.77,Cash
1501,30-10-2024,Amanda Carr,North,Furniture,Sofa,2,1020,2040,523.26,Cash
1502,23-04-2024,Carol Hill,North,Furniture,Dining Table,2,111,222,38.22,Cash
1503,19-03-2024,Hannah Cole,West,Clothing,Shirt,1,648,648,180.69,Debit Card
1504,10-06-2024,Sandra Martinez,South,Electronics,Smartwatch,2,110,220,23.19,Credit Card
1505,18-08-2024,Yesenia Thompson,West,Clothing,Shirt,1,305,305,68.86,UPI
1506,03-04-2024,Megan Mitchell,North,Electronics,Smartwatch,3,287,861,237.94,Credit Card
1507,09-01-2024,Margaret Adams,North,Furniture,Office Chair,1,1298,1298,305.59,UPI
1508,04-12-2024,Emily Levine,South,Clothing,Jacket,2,34,68,15.74,Cash
1509,10-09-2024,Amber Erickson,South,Furniture,Study Table,1,875,875,237.09,Cash
1510,25-11-2024,Kellie Green,West,Clothing,Dress,4,317,1268,235.65,Cash
1511,22-01-2024,Jennifer Aguilar,South,Clothing,Jeans,3,166,498,130.41,UPI
1512,08-04-2024,Susan Patel,South,Furniture,Bookshelf,4,723,2892,431.51,Debit Card
1513,11-12-2024,Bryce Brooks,South,Clothing,Jacket,2,1038,2076,271.69,UPI
1514,21-07-2024,Michael Woods,North,Electronics,Smartphone,3,354,1062,164.04,Credit Card
1515,12-01-2024,Eric Summers,East,Electronics,Bluetooth Speaker,3,691,2073,335.7,Debit Card
1516,17-12-2024,Jeffrey Barry,West,Clothing,Jacket,2,367,734,197.87,Cash
1517,20-05-2024,Belinda Wright,East,Electronics,Smartphone,5,551,2755,769.46,Credit Card
1518,19-04-2024,Jeffrey Terry,West,Furniture,Office Chair,4,969,3876,763.29,Debit Card
1519,25-12-2024,Michael Dickerson,South,Electronics,Smartphone,2,1314,2628,325.73,Credit Card
1520,18-05-2024,Chris Lindsey,North,Furniture,Office Chair,5,1209,6045,725,Cash
1521,02-11-2024,Juan Wright,North,Electronics,Tablet,4,1459,5836,895.04,Debit Card
1522,11-01-2024,Sean Bowen,East,Clothing,Dress,3,382,1146,324.57,Debit Card
1523,25-12-2024,Terri Sanchez,East,Clothing,Shirt,3,1403,4209,1040.14,UPI
1524,05-08-2024,Roy Maldonado,West,Clothing,Dress,3,959,2877,753.13,UPI
1525,16-10-2024,William Evans,South,Electronics,Bluetooth Speaker,2,493,986,111.45,Cash
1526,02-12-2024,Michelle Smith,West,Electronics,Smartwatch,2,267,534,87.83,Debit Card
1527,27-06-2024,Sarah Brown,North,Clothing,Shirt,3,1372,4116,820.39,Cash
1528,06-03-2024,James Cruz,West,Clothing,Jacket,3,57,171,38.41,UPI
1529,23-07-2024,Cameron Miller Jr.,North,Electronics,Tablet,5,1472,7360,1962.53,Cash
1530,16-11-2024,Alexandra Burgess,South,Electronics,Smartphone,1,952,952,196.14,Cash
1531,04-04-2024,Joanna Hill,South,Furniture,Dining Table,3,484,1452,435.17,Debit Card
1532,09-06-2024,Mary Scott,East,Clothing,T-Shirt,4,306,1224,122.74,Debit Card
1533,30-01-2024,Brooke Sanchez,East,Electronics,Smartphone,3,658,1974,460.93,Credit Card
1534,22-03-2024,Pamela Brown,North,Electronics,Laptop,3,804,2412,717.07,Cash
1535,10-11-2024,Jeremy Hayes,East,Electronics,Bluetooth Speaker,1,1241,1241,306.99,Cash
1536,29-10-2024,Mary Greene,East,Clothing,T-Shirt,4,334,1336,340.8,Debit Card
1537,07-12-2024,Alexis Hernandez,South,Furniture,Bookshelf,3,946,2838,478.06,Cash
1538,15-09-2024,Ronald Evans,North,Furniture,Bookshelf,5,643,3215,606.78,Cash
1539,06-09-2024,Brandi Mendoza,East,Clothing,Jacket,4,594,2376,678.9,Debit Card
1540,12-10-2024,Savannah Franklin,West,Clothing,Dress,3,845,2535,470.79,Debit Card
1541,11-05-2024,Jeremiah Alvarez,West,Furniture,Study Table,2,1299,2598,748.7,Credit Card
1542,24-04-2024,Meredith Rivera,West,Furniture,Dining Table,5,355,1775,385.97,Cash
1543,27-11-2024,Jamie Riley,East,Electronics,Bluetooth Speaker,2,908,1816,533.4,Credit Card
1544,27-09-2024,Elizabeth Briggs,West,Clothing,T-Shirt,1,1500,1500,178.34,Debit Card
1545,07-08-2024,Chelsea Robinson,South,Clothing,Jeans,3,769,2307,276.78,Cash
1546,18-07-2024,Charles Harper,West,Electronics,Smartwatch,5,1089,5445,765.75,Cash
1547,20-10-2024,Paula Hunter,East,Clothing,Jacket,1,307,307,56.39,Debit Card
1548,16-11-2024,Sylvia Green,North,Clothing,Jeans,2,1428,2856,437.37,Debit Card
1549,27-04-2024,Matthew Williams,South,Furniture,Bookshelf,5,224,1120,281.03,Credit Card
1550,10-10-2024,David Vazquez,North,Electronics,Laptop,3,911,2733,756.84,Cash
1551,08-01-2024,Brian Scott,South,Clothing,T-Shirt,3,154,462,90.71,UPI
1552,04-11-2024,Samantha Robinson,East,Electronics,Bluetooth Speaker,1,726,726,120.74,UPI
1553,13-12-2024,Christopher Sheppard,West,Furniture,Office Chair,5,1301,6505,858.26,UPI
1554,19-05-2024,Debra Craig,North,Clothing,Dress,1,817,817,215.55,Cash
1555,12-09-2024,Lawrence Hebert,South,Furniture,Office Chair,4,68,272,71.21,Credit Card
1556,18-11-2024,Tonya Young,South,Electronics,Smartwatch,3,629,1887,417.71,Cash
1557,15-11-2024,Mr. Henry Perkins DDS,East,Electronics,Tablet,3,337,1011,184.83,UPI
1558,28-09-2024,Christopher Wheeler,South,Electronics,Tablet,2,180,360,66.32,Debit Card
1559,15-04-2024,Daniel Mccall,North,Furniture,Bookshelf,2,1436,2872,823.09,Debit Card
1560,17-03-2024,Robert Crawford,West,Electronics,Smartphone,2,250,500,70.22,Credit Card
1561,28-02-2024,Kathy Willis,South,Furniture,Bookshelf,3,747,2241,488.5,Credit Card
1562,19-12-2024,Susan Brown,South,Furniture,Sofa,4,476,1904,524.01,Credit Card
1563,14-12-2024,Maria Wong,North,Clothing,Shirt,4,1481,5924,1540.29,Debit Card
1564,22-02-2024,Jennifer Rivera,North,Clothing,Jacket,3,353,1059,143.4,Debit Card
1565,21-12-2024,Samantha Lopez,North,Electronics,Smartwatch,4,336,1344,215.52,Debit Card
1566,24-01-2024,Charles Werner,South,Furniture,Office Chair,1,400,400,114.13,Credit Card
1567,12-09-2024,Katelyn Olson,North,Electronics,Tablet,2,1117,2234,253.51,Cash
1568,20-12-2024,Steven Miller,West,Clothing,Shirt,1,367,367,96.19,Credit Card
1569,08-11-2024,Stephanie Hunt,East,Furniture,Bookshelf,2,1119,2238,251.05,Credit Card
1570,05-08-2024,Lisa Fisher,West,Clothing,T-Shirt,5,405,2025,271.89,UPI
1571,02-03-2024,Jennifer Martinez,East,Clothing,Shirt,1,327,327,57.07,UPI
1572,12-09-2024,Patricia Rodriguez,East,Clothing,Jacket,5,483,2415,522.01,Cash
1573,27-10-2024,Cody Stuart,North,Furniture,Office Chair,3,593,1779,472.02,Credit Card
1574,24-04-2024,Ariel Duran,East,Furniture,Dining Table,2,741,1482,159.57,Cash
1575,11-04-2024,Brian Kelly,North,Electronics,Bluetooth Speaker,2,901,1802,385.73,Credit Card
1576,16-11-2024,Angela Williams,East,Electronics,Tablet,4,1121,4484,508.98,Credit Card
1577,06-01-2024,Tiffany Beasley,West,Electronics,Laptop,4,805,3220,706.95,Credit Card
1578,07-06-2024,William Blackwell,West,Electronics,Smartphone,4,850,3400,895.12,Cash
1579,01-05-2024,Brenda Warner,North,Electronics,Smartwatch,4,1082,4328,606.78,Debit Card
1580,07-09-2024,Victoria Williams,East,Clothing,T-Shirt,4,1028,4112,833.01,Debit Card
1581,09-06-2024,Stephanie Williams,East,Furniture,Sofa,2,1183,2366,329.92,Debit Card
1582,30-10-2024,Justin Warner,West,Electronics,Smartwatch,3,695,2085,514.12,Debit Card
1583,06-06-2024,William Whitaker,East,Clothing,Dress,3,133,399,115.33,Cash
1584,31-07-2024,Russell Johns,West,Electronics,Bluetooth Speaker,2,859,1718,433.53,Cash
1585,26-02-2024,Stephanie Newman,West,Clothing,Jacket,1,1337,1337,298.64,Debit Card
1586,16-08-2024,Sandra Ray,East,Clothing,Dress,4,479,1916,410.7,Credit Card
1587,21-04-2024,Daniel Cohen,West,Electronics,Laptop,3,77,231,37.84,Debit Card
1588,01-12-2024,Amber Ayala,North,Clothing,Dress,3,47,141,35.69,Debit Card
1589,28-01-2024,Margaret Moore,North,Electronics,Tablet,2,1484,2968,560.8,Cash
1590,24-02-2024,Katie Mays,East,Electronics,Laptop,5,565,2825,391.66,UPI
1591,14-02-2024,Abigail Hoover,East,Furniture,Bookshelf,3,139,417,124.74,UPI
1592,21-11-2024,Kenneth Brown,West,Furniture,Study Table,3,496,1488,220.58,Debit Card
1593,24-05-2024,Jerry Fleming,West,Clothing,Dress,1,1115,1115,330.92,UPI
1594,01-07-2024,Angela Stewart,South,Furniture,Office Chair,5,1390,6950,755.79,Credit Card
1595,29-05-2024,Kimberly Arnold,East,Furniture,Study Table,5,635,3175,785.16,Cash
1596,20-07-2024,Daniel Newman,East,Clothing,Shirt,3,387,1161,150.33,UPI
1597,17-11-2024,Emily Suarez,West,Clothing,Jacket,2,1015,2030,568.2,Debit Card
1598,25-02-2024,James Cunningham,North,Electronics,Bluetooth Speaker,2,753,1506,279.06,Credit Card
1599,14-09-2024,Derek Turner,South,Electronics,Bluetooth Speaker,3,1057,3171,399.34,Cash
1600,30-12-2024,Monica Morales,North,Furniture,Bookshelf,5,658,3290,647.55,Credit Card
1601,12-11-2024,Michael Dean,East,Furniture,Office Chair,4,1235,4940,669.38,Cash
1602,18-07-2024,Richard Johnson,North,Electronics,Smartwatch,1,891,891,256.94,Credit Card
1603,29-05-2024,Holly Sparks,West,Clothing,T-Shirt,4,864,3456,707.63,Debit Card
1604,03-01-2024,Billy Rodriguez,North,Electronics,Smartphone,1,1116,1116,246.69,UPI
1605,18-06-2024,Dana Johnson,West,Furniture,Dining Table,2,904,1808,461.91,UPI
1606,16-07-2024,Andrew Howard,North,Electronics,Smartphone,3,326,978,117.92,Debit Card
1607,22-05-2024,Derrick Webb,South,Electronics,Tablet,1,1419,1419,277.42,UPI
1608,21-12-2024,Jennifer Shepherd,South,Furniture,Dining Table,1,447,447,48.39,UPI
1609,25-10-2024,Matthew Newton,North,Clothing,Jacket,2,1224,2448,687.44,Credit Card
1610,10-12-2024,Robert Mckenzie,North,Furniture,Study Table,1,1395,1395,166.52,UPI
1611,08-10-2024,Andrew Rodgers,West,Furniture,Sofa,1,723,723,178.23,UPI
1612,23-07-2024,Tanya Whitaker,East,Clothing,Jacket,3,1490,4470,782.43,Cash
1613,27-09-2024,Shawn Webb,East,Clothing,Shirt,5,651,3255,586.23,Credit Card
1614,20-12-2024,Jesse Dean,West,Furniture,Office Chair,4,313,1252,148.42,Credit Card
1615,16-11-2024,Carrie Alexander,North,Clothing,Shirt,3,423,1269,318.22,Debit Card
1616,12-08-2024,Jeffrey Hammond,North,Clothing,T-Shirt,2,1387,2774,517.59,Credit Card
1617,01-12-2024,Kayla Myers,West,Electronics,Bluetooth Speaker,3,1315,3945,1137.35,Debit Card
1618,23-05-2024,David Scott,West,Clothing,Dress,1,343,343,93.66,Credit Card
1619,03-04-2024,Sharon Dyer,West,Electronics,Smartwatch,1,1387,1387,200.96,Cash
1620,25-06-2024,George Schultz,North,Furniture,Bookshelf,5,787,3935,973.05,Cash
1621,05-05-2024,Ryan Scott,West,Clothing,Shirt,1,519,519,65.38,Debit Card
1622,08-03-2024,Michelle Wilson,East,Electronics,Laptop,1,105,105,23.11,Cash
1623,24-12-2024,Daniel White,North,Furniture,Sofa,4,48,192,47.46,Debit Card
1624,19-05-2024,Michelle Davis,South,Electronics,Tablet,3,1154,3462,549.7,Credit Card
1625,11-07-2024,Elizabeth Hill,North,Furniture,Dining Table,5,526,2630,749.89,UPI
1626,19-03-2024,Jason Simon,North,Clothing,T-Shirt,3,1194,3582,863.02,UPI
1627,17-01-2024,Craig Guerra,North,Furniture,Sofa,1,1222,1222,321.69,Credit Card
1628,24-11-2024,Angela Mason,North,Clothing,Dress,3,33,99,25.93,Credit Card
1629,24-09-2024,Dr. Samuel Newton,East,Clothing,Jeans,5,1398,6990,1632.55,Credit Card
1630,28-09-2024,Janice Boyer,East,Furniture,Sofa,1,1078,1078,251.38,Cash
1631,14-02-2024,Felicia Moore,North,Clothing,Jeans,3,1074,3222,516.41,Debit Card
1632,13-04-2024,Kristin Parker,North,Clothing,Dress,5,935,4675,1316.16,UPI
1633,15-12-2024,Thomas Brooks,East,Electronics,Tablet,5,1250,6250,1593.02,UPI
1634,19-09-2024,Bobby Beltran,North,Clothing,T-Shirt,2,808,1616,309.1,UPI
1635,31-08-2024,William Bond,South,Clothing,Jeans,2,1148,2296,674.18,UPI
1636,14-08-2024,Tina Velasquez,East,Furniture,Office Chair,1,1427,1427,427.35,UPI
1637,07-02-2024,Cynthia Williams,North,Furniture,Bookshelf,3,136,408,72.13,Debit Card
1638,07-02-2024,Monica Davis,North,Furniture,Sofa,1,1127,1127,226.37,UPI
1639,16-08-2024,Michelle Barton,South,Clothing,Jacket,1,734,734,195.12,Debit Card
1640,11-08-2024,Tammy Schmidt,East,Furniture,Dining Table,3,1442,4326,661.38,Cash
1641,01-12-2024,Diamond Moore,East,Electronics,Laptop,3,497,1491,182.95,Cash
1642,12-03-2024,Courtney Anderson,East,Furniture,Sofa,5,95,475,78.32,Cash
1643,29-03-2024,Richard Thomas,South,Furniture,Study Table,2,972,1944,234.33,Credit Card
1644,27-08-2024,Blake Villanueva,South,Furniture,Office Chair,2,139,278,28.38,UPI
1645,14-09-2024,Tristan Gonzalez,North,Electronics,Smartwatch,4,1216,4864,815.67,Debit Card
1646,16-08-2024,Joshua Castillo,East,Electronics,Tablet,2,925,1850,378.63,Cash
1647,19-02-2024,Natalie Miller,East,Furniture,Office Chair,5,435,2175,528.76,Debit Card
1648,06-10-2024,Sarah Delacruz,West,Electronics,Tablet,3,326,978,253.95,Cash
1649,03-11-2024,Connie Shannon,West,Clothing,Dress,4,388,1552,293.86,Credit Card
1650,15-11-2024,Kenneth Smith,South,Furniture,Bookshelf,3,1302,3906,604.76,Credit Card
1651,19-02-2024,Joshua Gordon,West,Electronics,Smartphone,2,1245,2490,413.39,Credit Card
1652,26-03-2024,Joyce Beck,West,Electronics,Tablet,2,1206,2412,315.94,Debit Card
1653,20-06-2024,Matthew Gross,North,Clothing,Jeans,4,816,3264,338.63,UPI
1654,19-09-2024,Ashlee Henry,North,Clothing,T-Shirt,2,1224,2448,694.91,UPI
1655,16-05-2024,Tracy Robinson,North,Furniture,Office Chair,5,1404,7020,1664.21,Credit Card
1656,02-08-2024,Christopher Wilson,West,Furniture,Study Table,3,1197,3591,540.31,Debit Card
1657,17-08-2024,Anna Phelps,East,Clothing,Jeans,5,296,1480,425.94,UPI
1658,04-10-2024,Suzanne Thomas,West,Clothing,Shirt,5,1300,6500,1456.87,UPI
1659,11-04-2024,Kimberly Juarez,South,Furniture,Sofa,3,934,2802,383.83,UPI
1660,09-03-2024,Deborah Mccann,West,Electronics,Smartwatch,2,551,1102,298.78,UPI
1661,26-05-2024,Hailey Huffman,North,Furniture,Office Chair,3,785,2355,361.76,Debit Card
1662,12-10-2024,Kirsten Barton,South,Furniture,Study Table,2,342,684,148.04,Debit Card
1663,03-10-2024,Brittany Johnson,East,Electronics,Smartwatch,2,83,166,31.24,Credit Card
1664,27-08-2024,Philip Hinton,East,Furniture,Bookshelf,5,1432,7160,1001.43,Debit Card
1665,22-03-2024,James Miller,South,Furniture,Dining Table,4,1031,4124,907.21,Cash
1666,26-07-2024,Jonathon Owens,North,Electronics,Smartwatch,2,362,724,197.31,Credit Card
1667,10-09-2024,Dakota Allen,South,Clothing,Shirt,4,345,1380,296.76,Debit Card
1668,20-08-2024,Benjamin Poole,South,Clothing,Jeans,3,56,168,48.85,UPI
1669,23-03-2024,Colleen Davis,East,Furniture,Bookshelf,5,468,2340,380.14,Cash
1670,25-12-2024,Kayla Munoz,North,Clothing,Jeans,3,443,1329,232.26,Cash
1671,01-08-2024,Margaret Reynolds,South,Clothing,Jeans,1,471,471,127.36,Debit Card
1672,02-06-2024,Susan Chambers,South,Furniture,Dining Table,5,428,2140,543.93,Cash
1673,02-07-2024,Lindsey Johnson,East,Furniture,Sofa,5,1490,7450,1936.63,Cash
1674,14-05-2024,Dr. Michaela Johnson,North,Clothing,Dress,3,654,1962,509.16,Cash
1675,17-03-2024,Joseph Lewis,South,Furniture,Sofa,5,513,2565,664.32,Debit Card
1676,03-01-2024,Jesse Davis,South,Clothing,Jeans,4,953,3812,409.99,Debit Card
1677,17-04-2024,Donna Murphy,West,Clothing,Jacket,4,232,928,150.17,Debit Card
1678,06-10-2024,Stephanie Evans,West,Electronics,Smartwatch,2,355,710,120.29,Credit Card
1679,17-09-2024,Caleb Crawford,West,Electronics,Laptop,3,1197,3591,564.94,Credit Card
1680,25-08-2024,Anita Callahan,North,Furniture,Dining Table,3,240,720,131.57,UPI
1681,07-06-2024,Cynthia Smith,South,Electronics,Tablet,5,135,675,71.51,Cash
1682,19-04-2024,Ryan Wood,East,Furniture,Dining Table,2,264,528,97.71,UPI
1683,19-09-2024,Jordan Flores,South,Clothing,Jacket,2,102,204,20.78,UPI
1684,08-10-2024,Steven Randall,South,Electronics,Smartwatch,3,1077,3231,705.96,Credit Card
1685,18-03-2024,Kelly Coleman DDS,South,Electronics,Tablet,5,415,2075,295.16,Debit Card
1686,27-05-2024,Charles Jones,South,Electronics,Smartphone,1,1324,1324,226.26,Credit Card
1687,01-09-2024,Kelsey Greer,West,Furniture,Study Table,3,205,615,74.18,UPI
1688,09-07-2024,Kevin Walter,West,Electronics,Laptop,2,807,1614,301.9,Credit Card
1689,15-06-2024,Daniel David,East,Clothing,Jacket,4,1483,5932,1527.23,UPI
1690,24-02-2024,Samuel Coleman,West,Clothing,Jacket,3,1063,3189,467.81,Credit Card
1691,10-03-2024,Elizabeth Harrison,East,Clothing,T-Shirt,3,905,2715,619.45,Credit Card
1692,03-02-2024,Maria Garcia,East,Furniture,Bookshelf,1,1292,1292,202.33,Debit Card
1693,10-07-2024,Andrew Valencia,West,Furniture,Dining Table,1,218,218,38.87,UPI
1694,22-09-2024,Angelica Underwood,East,Electronics,Laptop,2,302,604,65.18,Cash
1695,13-10-2024,Michele Mcguire,West,Furniture,Dining Table,5,501,2505,463.08,Debit Card
1696,04-03-2024,Bryan Carson,East,Clothing,T-Shirt,3,377,1131,275.08,Cash
1697,09-10-2024,Caitlin Crawford,West,Furniture,Study Table,4,556,2224,571.94,Cash
1698,28-12-2024,Alexis Thomas,South,Clothing,Jeans,5,458,2290,610.21,UPI
1699,21-08-2024,Shelby Lin,South,Furniture,Bookshelf,4,362,1448,182.7,Credit Card
1700,29-02-2024,Rita Vargas,North,Electronics,Tablet,3,1417,4251,1155.66,Credit Card
1701,09-03-2024,Douglas Adams,North,Furniture,Sofa,2,829,1658,240.32,Credit Card
1702,30-06-2024,Deanna Barnes,East,Furniture,Office Chair,4,71,284,60.9,Credit Card
1703,17-01-2024,Brenda Werner,East,Electronics,Bluetooth Speaker,5,635,3175,605.18,Cash
1704,23-01-2024,David Russell,East,Electronics,Bluetooth Speaker,3,109,327,85.03,Credit Card
1705,17-12-2024,Edward Allen,East,Furniture,Office Chair,5,1433,7165,1785.53,Credit Card
1706,28-10-2024,Nathan Wright,South,Clothing,Shirt,1,454,454,99.16,UPI
1707,22-07-2024,Francisco Baxter,West,Electronics,Smartphone,2,269,538,146.64,Debit Card
1708,24-10-2024,Kenneth Kelley,South,Furniture,Dining Table,3,839,2517,354.45,Credit Card
1709,20-02-2024,Michelle Rios,South,Electronics,Laptop,4,1435,5740,1646.48,Credit Card
1710,30-05-2024,Elizabeth Wallace,South,Electronics,Laptop,1,338,338,63.14,Cash
1711,03-09-2024,Robert Green,South,Furniture,Dining Table,2,1145,2290,245.92,Debit Card
1712,27-10-2024,Jacob Cole,North,Clothing,Dress,5,304,1520,166.66,Cash
1713,30-05-2024,Jillian Welch,South,Clothing,Dress,4,1241,4964,1233.31,UPI
1714,26-10-2024,Marco Coleman,West,Clothing,Shirt,2,151,302,48.25,UPI
1715,25-08-2024,Natasha Lee,North,Clothing,Jacket,2,1067,2134,398.78,Cash
1716,21-11-2024,Brian Cruz,West,Furniture,Bookshelf,2,215,430,69.08,Credit Card
1717,09-04-2024,Spencer Baker,South,Electronics,Bluetooth Speaker,5,355,1775,289.58,Cash
1718,05-06-2024,Jonathan Sampson,East,Electronics,Smartwatch,5,766,3830,683.62,Cash
1719,07-03-2024,Christine Green,North,Furniture,Office Chair,2,1328,2656,329.61,UPI
1720,01-10-2024,Ashley Johnson,West,Electronics,Bluetooth Speaker,4,427,1708,179.28,Credit Card
1721,30-04-2024,Nathan Lee,South,Furniture,Sofa,3,894,2682,699.64,Credit Card
1722,08-06-2024,Bethany Davidson,East,Furniture,Sofa,5,1229,6145,631.93,Credit Card
1723,07-04-2024,Nathan Kennedy,North,Electronics,Tablet,5,504,2520,334.75,Cash
1724,08-03-2024,Heather Sweeney,East,Electronics,Tablet,3,1016,3048,455.23,UPI
1725,08-06-2024,Brian Miller,East,Electronics,Tablet,2,524,1048,132.99,Cash
1726,06-11-2024,Brendan Herring,West,Furniture,Bookshelf,5,61,305,53.74,Credit Card
1727,22-07-2024,Jasmine Castillo,North,Electronics,Smartphone,5,838,4190,715.91,Credit Card
1728,01-06-2024,Anne Brown,South,Clothing,Dress,5,495,2475,375.66,Credit Card
1729,22-11-2024,Christopher Ramirez,East,Furniture,Sofa,4,359,1436,383.39,Credit Card
1730,18-02-2024,Megan Smith,West,Clothing,Jeans,5,838,4190,688.6,Credit Card
1731,26-02-2024,Gerald Morgan,West,Furniture,Bookshelf,1,1466,1466,427.28,Credit Card
1732,24-11-2024,James Caldwell,West,Furniture,Office Chair,4,745,2980,447.09,Credit Card
1733,28-06-2024,Christopher Cole,West,Clothing,Shirt,2,348,696,129.49,UPI
1734,06-01-2024,Brian Hardy,East,Clothing,Shirt,5,124,620,68.78,UPI
1735,01-05-2024,Kathryn Turner,North,Furniture,Sofa,5,597,2985,465.07,UPI
1736,05-02-2024,Luis Yang,East,Electronics,Smartphone,4,1119,4476,549.33,Debit Card
1737,05-04-2024,Ashley Martin,North,Electronics,Smartwatch,4,464,1856,385.69,UPI
1738,05-03-2024,David Gallegos,East,Furniture,Dining Table,1,1084,1084,282.77,Cash
1739,06-03-2024,Ronald Johnson,East,Clothing,T-Shirt,5,1475,7375,1357.77,Credit Card
1740,26-05-2024,Bryan Collins,South,Clothing,Dress,2,802,1604,396.14,Credit Card
1741,01-09-2024,Christine Cummings,South,Furniture,Sofa,3,598,1794,230.03,UPI
1742,30-03-2024,Kristopher Castro,East,Clothing,Jeans,5,1383,6915,1792.26,Debit Card
1743,22-05-2024,Mark Smith,East,Furniture,Dining Table,4,299,1196,252.08,Debit Card
1744,12-06-2024,Lindsey Campbell,North,Furniture,Dining Table,2,563,1126,125.02,UPI
1745,18-07-2024,Mark Hines,West,Furniture,Study Table,1,415,415,93.34,Cash
1746,30-06-2024,Michelle King,East,Furniture,Office Chair,1,896,896,167.79,Debit Card
1747,15-04-2024,Charlotte Walker,North,Clothing,T-Shirt,3,878,2634,384.84,Cash
1748,28-06-2024,Alexander Wells,North,Clothing,Jacket,5,337,1685,412.44,Debit Card
1749,02-11-2024,Donna Wright,West,Clothing,T-Shirt,4,789,3156,491.37,Debit Card
1750,09-02-2024,Joseph Santana,West,Clothing,Shirt,5,94,470,120.47,Debit Card
1751,17-03-2024,Tiffany Guzman,East,Furniture,Study Table,2,944,1888,276.23,Debit Card
1752,02-08-2024,John Mcclain,West,Furniture,Sofa,4,1310,5240,1310.74,UPI
1753,03-11-2024,Jessica Smith,South,Clothing,Jacket,1,1181,1181,166.29,Cash
1754,08-08-2024,John Anderson,North,Electronics,Tablet,3,202,606,141.3,Debit Card
1755,04-02-2024,Melissa Everett,South,Clothing,Shirt,1,227,227,38.96,Debit Card
1756,06-06-2024,Christine Patterson,South,Furniture,Bookshelf,1,26,26,2.95,Debit Card
1757,30-07-2024,Patrick Stevenson,South,Furniture,Study Table,4,1162,4648,1094.18,Cash
1758,02-01-2024,Edward Duran,South,Electronics,Laptop,1,1094,1094,208.91,UPI
1759,10-12-2024,Jennifer Padilla,North,Clothing,Jeans,1,1180,1180,299.18,Cash
1760,29-09-2024,William Miller,East,Clothing,Jeans,4,1407,5628,1458.14,Debit Card
1761,27-05-2024,Jane Newman,South,Furniture,Bookshelf,5,622,3110,836.18,Credit Card
1762,22-10-2024,Crystal Washington,South,Clothing,Dress,1,986,986,156.02,UPI
1763,04-06-2024,Lori Reid,South,Furniture,Dining Table,1,1355,1355,219.03,Cash
1764,18-09-2024,Mr. Roger Hardin,North,Furniture,Sofa,2,1432,2864,562.32,Credit Card
1765,02-06-2024,Valerie Ritter,North,Furniture,Dining Table,2,1222,2444,310.61,Credit Card
1766,19-11-2024,Mindy Turner,South,Electronics,Smartphone,5,1216,6080,1495.51,Cash
1767,31-07-2024,Jason Mcintyre,South,Furniture,Study Table,1,1334,1334,371.46,UPI
1768,07-09-2024,Hannah Coleman,East,Furniture,Sofa,1,1456,1456,411.07,Debit Card
1769,20-06-2024,Michael Branch,West,Furniture,Office Chair,1,788,788,152.84,Credit Card
1770,30-03-2024,Mario Moore,East,Furniture,Office Chair,2,991,1982,438.36,Credit Card
1771,15-11-2024,Sherry Parsons,West,Furniture,Study Table,4,344,1376,383.06,Debit Card
1772,09-03-2024,Amanda Banks,South,Clothing,Jeans,5,1367,6835,707.98,Cash
1773,10-03-2024,Joseph Barr,East,Furniture,Study Table,1,146,146,40.14,Credit Card
1774,20-09-2024,Jeffrey Roberts,South,Clothing,Jeans,4,560,2240,575.46,UPI
1775,20-06-2024,Joseph Moore,North,Electronics,Tablet,2,183,366,63.7,Debit Card
1776,02-03-2024,Ashley Wilson,North,Clothing,Shirt,5,452,2260,479.63,Debit Card
1777,12-11-2024,Morgan Torres,South,Electronics,Laptop,3,157,471,56.63,Cash
1778,31-05-2024,Robert Rivera,South,Clothing,Jacket,5,333,1665,203.42,Credit Card
1779,28-06-2024,Preston Dawson,North,Electronics,Smartphone,4,1164,4656,494.5,UPI
1780,24-04-2024,Timothy Schultz,North,Electronics,Smartphone,1,87,87,9.08,Credit Card
1781,31-07-2024,Jamie Jones,East,Clothing,T-Shirt,3,544,1632,315.51,Cash
1782,16-01-2024,Timothy Wood,East,Electronics,Smartwatch,3,1230,3690,812.19,Debit Card
1783,24-04-2024,Aaron Weber,North,Clothing,T-Shirt,3,760,2280,647.89,UPI
1784,01-03-2024,Shawna Harrison,North,Electronics,Smartphone,4,616,2464,710.48,UPI
1785,01-02-2024,Alicia Newton,East,Electronics,Laptop,4,707,2828,407.52,Cash
1786,22-02-2024,Angela Jones,West,Furniture,Dining Table,1,351,351,47.45,Credit Card
1787,28-10-2024,Christina Garcia,West,Furniture,Dining Table,4,139,556,125.22,Cash
1788,08-07-2024,Brian Robbins,South,Clothing,Shirt,2,976,1952,392.48,Debit Card
1789,22-06-2024,Dr. Carol Garcia,East,Furniture,Dining Table,3,719,2157,525.71,Cash
1790,28-11-2024,Samuel Dixon,West,Clothing,T-Shirt,3,816,2448,451.48,Debit Card
1791,01-02-2024,Tina Cross,North,Furniture,Sofa,4,1468,5872,1244.07,Debit Card
1792,02-08-2024,Nicholas Vang,East,Electronics,Smartphone,4,444,1776,242.68,UPI
1793,14-12-2024,Thomas Hoffman,East,Furniture,Office Chair,1,1259,1259,264.03,UPI
1794,10-08-2024,Susan Allen,North,Electronics,Laptop,3,965,2895,529.93,UPI
1795,26-09-2024,Larry Horn,South,Furniture,Sofa,2,944,1888,444.67,Debit Card
1796,21-05-2024,Terri Wagner,West,Furniture,Dining Table,3,669,2007,249.65,UPI
1797,09-01-2024,Charles Yang,North,Furniture,Study Table,1,1479,1479,419.25,Credit Card
1798,26-09-2024,Steven Lopez,East,Electronics,Bluetooth Speaker,5,1328,6640,1476.19,Cash
1799,17-11-2024,John Martinez DVM,West,Furniture,Office Chair,2,175,350,49.33,UPI
1800,13-11-2024,Andrew Lowery,East,Furniture,Office Chair,3,1442,4326,674.67,UPI
1801,16-05-2024,Erica Galloway,South,Clothing,T-Shirt,3,357,1071,195.08,Debit Card
1802,06-02-2024,Kathleen Chen,North,Clothing,Dress,4,1119,4476,1048.03,Credit Card
1803,04-05-2024,Brian Lambert,East,Furniture,Office Chair,1,973,973,191.9,Debit Card
1804,04-04-2024,James Garcia,West,Clothing,T-Shirt,1,795,795,95.32,Cash
1805,16-04-2024,Wanda Grant,East,Clothing,Shirt,3,1192,3576,633.87,Debit Card
1806,13-01-2024,Crystal Johnson,South,Electronics,Tablet,2,966,1932,573.34,Debit Card
1807,21-10-2024,Devin Marsh,South,Electronics,Tablet,1,1062,1062,206.17,Cash
1808,23-12-2024,Patrick Adams,East,Furniture,Sofa,3,1279,3837,851.63,Debit Card
1809,31-01-2024,Mariah Smith DDS,North,Clothing,T-Shirt,4,1013,4052,1118.51,Cash
1810,29-03-2024,Vanessa Fuentes,West,Electronics,Smartphone,1,690,690,121.75,Credit Card
1811,29-10-2024,Dawn House,West,Clothing,Jeans,5,705,3525,971.47,UPI
1812,15-11-2024,Ashley Jimenez,East,Clothing,Shirt,2,914,1828,501.12,UPI
1813,04-12-2024,Leslie Russell,South,Furniture,Study Table,1,1282,1282,367.3,Debit Card
1814,11-11-2024,Amanda Smith,North,Clothing,Dress,5,1023,5115,1416.62,Cash
1815,06-11-2024,Erin Wu,South,Furniture,Bookshelf,4,748,2992,788.64,UPI
1816,31-03-2024,Sabrina Melendez,North,Electronics,Laptop,4,771,3084,440.91,Credit Card
1817,13-01-2024,Nicole Macdonald,West,Furniture,Sofa,2,1221,2442,451.83,Cash
1818,25-06-2024,Mary Watkins,East,Furniture,Office Chair,1,444,444,100.79,Debit Card
1819,10-05-2024,Hannah Wilson,South,Furniture,Office Chair,2,347,694,102.08,UPI
1820,03-11-2024,Jack Castillo,East,Furniture,Study Table,2,1349,2698,550.8,Debit Card
1821,15-12-2024,Michael Atkins,South,Furniture,Dining Table,1,26,26,4.2,UPI
1822,08-11-2024,Misty Welch,North,Electronics,Tablet,5,307,1535,346.4,UPI
1823,23-12-2024,Kyle Estrada,North,Electronics,Laptop,3,846,2538,744.58,UPI
1824,27-12-2024,Paul Gutierrez,West,Furniture,Sofa,4,383,1532,335.4,UPI
1825,01-06-2024,Michael James,South,Furniture,Sofa,4,146,584,98.43,UPI
1826,21-06-2024,Nancy Day,South,Clothing,T-Shirt,3,1032,3096,535.54,Credit Card
1827,24-03-2024,Michael Moore,South,Electronics,Tablet,3,1350,4050,1117.01,UPI
1828,08-08-2024,Thomas Curry,South,Clothing,Dress,1,729,729,171.87,Credit Card
1829,08-02-2024,Danielle Sanders DDS,East,Furniture,Dining Table,3,1325,3975,402.66,Cash
1830,07-09-2024,Joshua Coleman,East,Clothing,Shirt,4,471,1884,446.32,UPI
1831,29-06-2024,Larry Scott,West,Clothing,Shirt,2,1259,2518,522.88,Credit Card
1832,07-10-2024,Lawrence Johnson,North,Clothing,Dress,1,1144,1144,126.69,UPI
1833,30-12-2024,Theresa Harris,South,Electronics,Bluetooth Speaker,2,1061,2122,461.9,UPI
1834,15-04-2024,Pam Bowen,West,Furniture,Bookshelf,5,1110,5550,1571.44,UPI
1835,09-01-2024,Bradley Yates,West,Electronics,Laptop,2,1024,2048,507.65,UPI
1836,03-10-2024,Alyssa Shelton,East,Furniture,Study Table,5,1487,7435,1228.18,Cash
1837,31-05-2024,Hannah Ruiz,South,Electronics,Laptop,5,1256,6280,890,Debit Card
1838,21-06-2024,Morgan Yoder,East,Furniture,Bookshelf,5,182,910,256.1,UPI
1839,12-08-2024,Kevin Johnson,South,Electronics,Smartphone,1,735,735,86.32,UPI
1840,18-05-2024,Jeffrey Robinson,North,Furniture,Sofa,4,584,2336,337.56,Credit Card
1841,05-03-2024,Jody Anderson,West,Clothing,Jacket,4,776,3104,383.82,Cash
1842,28-12-2024,Ryan Dalton DVM,North,Clothing,Shirt,4,1098,4392,747.02,Debit Card
1843,08-07-2024,Sarah Henry,East,Clothing,Jeans,1,334,334,39.64,Debit Card
1844,02-10-2024,Rebecca Walker,East,Clothing,Shirt,3,817,2451,519.18,Cash
1845,18-01-2024,Jorge Long,South,Electronics,Laptop,5,861,4305,448.3,Debit Card
1846,26-07-2024,Linda Parker,West,Electronics,Smartphone,3,870,2610,538.65,Cash
1847,20-02-2024,Brianna Peck,South,Furniture,Study Table,5,1222,6110,961.54,UPI
1848,16-03-2024,John Miller,North,Electronics,Smartphone,3,731,2193,420.76,Credit Card
1849,22-07-2024,Mark Hart,North,Electronics,Bluetooth Speaker,2,1031,2062,616.91,Debit Card
1850,06-08-2024,Eric Mora,West,Electronics,Tablet,1,1404,1404,208.05,Cash
1851,08-12-2024,Jacob Rivera,South,Electronics,Smartphone,5,741,3705,927.45,UPI
1852,08-12-2024,Michael Torres,East,Electronics,Smartphone,4,1014,4056,988.75,Cash
1853,29-04-2024,Holly Townsend DDS,North,Furniture,Office Chair,3,1122,3366,659.24,Credit Card
1854,03-07-2024,Mark Davis,North,Clothing,Jacket,1,1219,1219,308.03,Debit Card
1855,27-11-2024,John Caldwell,East,Furniture,Sofa,2,796,1592,423.1,UPI
1856,10-12-2024,Jeffrey Harris,North,Furniture,Dining Table,4,438,1752,335.41,Cash
1857,13-06-2024,Cheryl Jones,West,Furniture,Sofa,2,346,692,135.66,Credit Card
1858,23-02-2024,Jack Marsh,West,Furniture,Office Chair,2,233,466,61.83,Credit Card
1859,23-06-2024,Christopher Daugherty,East,Clothing,T-Shirt,4,407,1628,334.83,Debit Card
1860,30-09-2024,Daniel Moore,West,Furniture,Study Table,1,882,882,240.28,Cash
1861,27-07-2024,Jill Stewart,East,Electronics,Smartphone,1,427,427,87.55,Credit Card
1862,03-02-2024,Carla Mcconnell,South,Clothing,T-Shirt,1,388,388,58.54,Debit Card
1863,14-09-2024,Audrey Gray,North,Furniture,Bookshelf,5,1176,5880,1307.45,UPI
1864,21-10-2024,Gary Gill,West,Electronics,Bluetooth Speaker,2,694,1388,396.73,Debit Card
1865,01-01-2024,Matthew Fowler,West,Electronics,Tablet,4,991,3964,697,Credit Card
1866,06-03-2024,Caitlin Benjamin,West,Furniture,Office Chair,1,897,897,95.78,UPI
1867,31-01-2024,Stephanie Mosley,South,Electronics,Laptop,1,1201,1201,228.17,Cash
1868,11-02-2024,Patrick Myers,South,Electronics,Smartwatch,1,1482,1482,252.96,UPI
1869,07-07-2024,Michelle Brown,South,Clothing,T-Shirt,1,255,255,55.73,Cash
1870,13-02-2024,Bryan Powell,East,Electronics,Bluetooth Speaker,5,35,175,26.32,Debit Card
1871,12-12-2024,Brad Carpenter,North,Furniture,Dining Table,3,87,261,75.53,Debit Card
1872,25-03-2024,Stephanie Bruce,East,Electronics,Laptop,3,56,168,37.79,Credit Card
1873,05-06-2024,Kiara Park,South,Electronics,Laptop,3,1244,3732,912.26,UPI
1874,23-10-2024,Christopher Stokes,West,Clothing,Jeans,2,917,1834,349.06,Credit Card
1875,11-04-2024,Cassandra Martin,North,Clothing,Shirt,2,1437,2874,358.86,Debit Card
1876,08-10-2024,Mark Montoya,West,Electronics,Smartwatch,4,641,2564,753.6,Credit Card
1877,24-10-2024,Noah Booth,East,Clothing,Jeans,2,654,1308,196.93,Credit Card
1878,12-09-2024,Evelyn Coleman,East,Electronics,Tablet,4,558,2232,538.62,Credit Card
1879,02-11-2024,Mrs. Amy Bailey DDS,South,Electronics,Tablet,5,528,2640,381.28,Debit Card
1880,26-12-2024,Calvin Duran,South,Furniture,Dining Table,4,230,920,251.1,Debit Card
1881,17-06-2024,Paul Martinez,West,Electronics,Bluetooth Speaker,5,1268,6340,796.08,Cash
1882,22-02-2024,Luis Edwards,West,Furniture,Dining Table,5,426,2130,582.28,UPI
1883,11-07-2024,Leah Walsh,South,Electronics,Tablet,4,1327,5308,1516.17,Cash
1884,05-07-2024,Victoria Humphrey,West,Electronics,Tablet,3,432,1296,211.33,Credit Card
1885,27-10-2024,Marcus Howell,South,Furniture,Sofa,1,1160,1160,298.28,UPI
1886,10-03-2024,Jonathan Fletcher,South,Clothing,Shirt,2,481,962,224.03,Credit Card
1887,12-02-2024,Christopher Williams,North,Clothing,Jeans,4,614,2456,535.35,Credit Card
1888,24-07-2024,Ms. Kristine Mclaughlin,East,Clothing,Shirt,3,573,1719,400.68,Credit Card
1889,25-05-2024,Emily Flynn,North,Furniture,Office Chair,2,195,390,43.27,UPI
1890,29-03-2024,Dr. Brianna Bowen DVM,East,Clothing,T-Shirt,1,184,184,54.52,UPI
1891,13-10-2024,Mr. Bradley Horn,South,Furniture,Dining Table,5,969,4845,507.63,Cash
1892,27-11-2024,Seth Brown,North,Furniture,Dining Table,1,508,508,86.96,Debit Card
1893,18-12-2024,Cory Brown,North,Furniture,Study Table,4,127,508,132.7,Debit Card
1894,19-01-2024,Monique Jacobson,North,Furniture,Study Table,5,44,220,53.77,Debit Card
1895,19-05-2024,Victoria Lynn,West,Electronics,Smartphone,5,384,1920,479.97,Debit Card
1896,28-08-2024,Isabel Barnes,East,Clothing,Jacket,3,1360,4080,727.32,Cash
1897,01-06-2024,Linda Walker,North,Electronics,Smartwatch,3,88,264,71.01,UPI
1898,03-01-2024,Nancy Perry,North,Electronics,Smartwatch,3,1094,3282,861.86,UPI
1899,28-10-2024,Kent Anderson,West,Furniture,Sofa,1,1453,1453,167.67,Debit Card
1900,19-12-2024,Emily Ramirez,South,Clothing,Jeans,3,780,2340,538.54,Cash
1901,24-04-2024,Jodi Mills,South,Clothing,Shirt,4,450,1800,459.04,UPI
1902,09-07-2024,Derek Berg,East,Electronics,Laptop,5,998,4990,808.26,Credit Card
1903,21-06-2024,Evelyn Lambert,North,Electronics,Smartphone,2,1154,2308,425.92,Credit Card
1904,27-12-2024,Steven Ramirez,East,Electronics,Bluetooth Speaker,3,1495,4485,892.96,UPI
1905,27-09-2024,Ryan Reeves,West,Clothing,Shirt,4,779,3116,698.51,Debit Card
1906,19-10-2024,Jeffrey Singh,West,Clothing,T-Shirt,4,1180,4720,698.95,Debit Card
1907,28-11-2024,Melanie Calhoun,South,Clothing,T-Shirt,3,244,732,129.72,UPI
1908,10-03-2024,Trevor Jackson,West,Electronics,Tablet,4,955,3820,480.44,Debit Card
1909,25-12-2024,Sean Nelson,North,Electronics,Smartwatch,4,1367,5468,1043.24,UPI
1910,22-11-2024,Laurie Lopez,North,Clothing,Jeans,3,94,282,82.37,UPI
1911,07-07-2024,Timothy Hamilton,South,Electronics,Smartphone,4,252,1008,292.8,UPI
1912,12-03-2024,Todd Black,West,Electronics,Smartwatch,5,233,1165,117.29,UPI
1913,30-09-2024,Ann Francis,West,Clothing,Jeans,3,701,2103,307.57,Credit Card
1914,06-02-2024,Leslie Thomas,East,Clothing,Dress,3,612,1836,325.84,Credit Card
1915,22-03-2024,Holly Davis,East,Electronics,Tablet,2,486,972,269.97,Debit Card
1916,08-07-2024,Kenneth Boyd,South,Clothing,Shirt,3,1375,4125,554.74,Credit Card
1917,23-08-2024,Kyle Wallace,West,Clothing,Dress,5,657,3285,894.63,UPI
1918,21-04-2024,Jason Gay,South,Electronics,Laptop,2,334,668,87.5,UPI
1919,17-10-2024,Teresa Anderson,South,Furniture,Bookshelf,2,722,1444,203.99,Cash
1920,25-12-2024,Desiree Rhodes,West,Electronics,Tablet,2,901,1802,320.46,UPI
1921,06-03-2024,Michael Payne,South,Clothing,Jacket,4,1409,5636,712.84,Cash
1922,20-10-2024,Adam Lopez,East,Furniture,Sofa,2,1279,2558,281.85,Cash
1923,18-06-2024,Rebekah Howe,West,Clothing,T-Shirt,4,1293,5172,1135.14,Credit Card
1924,16-08-2024,Austin Franklin,East,Electronics,Tablet,3,380,1140,129.7,UPI
1925,25-04-2024,Seth Brown,South,Furniture,Office Chair,3,822,2466,297.21,UPI
1926,08-05-2024,Brandon Hill,South,Electronics,Laptop,2,1254,2508,473.22,UPI
1927,26-06-2024,Robert Garrett,North,Furniture,Dining Table,2,1185,2370,283.23,Cash
1928,28-11-2024,Justin Bradley,West,Clothing,T-Shirt,2,641,1282,380.7,UPI
1929,21-09-2024,Sarah Steele,North,Clothing,Dress,5,706,3530,895.57,Cash
1930,03-11-2024,William Mcdonald,North,Electronics,Smartphone,2,299,598,139.28,Debit Card
1931,12-01-2024,Alexander Stein,West,Electronics,Laptop,3,718,2154,509.77,Debit Card
1932,10-11-2024,Robert Turner,South,Clothing,T-Shirt,5,1387,6935,963.84,UPI
1933,25-04-2024,Katherine Wallace,South,Electronics,Bluetooth Speaker,4,1034,4136,581.72,Cash
1934,24-08-2024,Christopher Aguirre,South,Clothing,Jacket,2,267,534,108.51,Cash
1935,26-04-2024,Tiffany Aguirre,West,Clothing,Jacket,3,196,588,70.28,Debit Card
1936,01-03-2024,Sean Hunt,South,Furniture,Dining Table,2,140,280,53.74,Debit Card
1937,24-06-2024,Tammy May,North,Electronics,Laptop,2,423,846,186.17,UPI
1938,23-02-2024,Samantha Morgan,East,Furniture,Bookshelf,3,1177,3531,590.33,UPI
1939,25-09-2024,Heather Garza,North,Clothing,Dress,1,1432,1432,366.72,UPI
1940,11-11-2024,David Harris,North,Furniture,Office Chair,1,1425,1425,147.04,Debit Card
1941,17-12-2024,Sarah Bender,South,Electronics,Smartphone,5,231,1155,267.57,Cash
1942,11-01-2024,Jamie Baker,West,Furniture,Bookshelf,4,141,564,142.55,UPI
1943,17-08-2024,Terry Brady,East,Clothing,Jacket,4,688,2752,306.11,Credit Card
1944,15-01-2024,Jeremy Barr,North,Furniture,Dining Table,2,127,254,70.14,UPI
1945,27-03-2024,Nancy Wells,West,Clothing,Jeans,5,680,3400,948.7,Debit Card
1946,21-07-2024,Monica Ritter,West,Electronics,Tablet,4,792,3168,834.4,Credit Card
1947,06-11-2024,Gabrielle Best,South,Furniture,Sofa,3,1410,4230,701.54,UPI
1948,06-08-2024,Robert Thompson,North,Clothing,Jeans,1,1344,1344,248.28,Credit Card
1949,05-10-2024,Robert Arroyo,East,Electronics,Laptop,5,283,1415,278.31,Cash
1950,16-05-2024,Brittany Cain,South,Clothing,Dress,5,321,1605,369.25,Credit Card
1951,03-10-2024,Dr. Sharon Johnson DVM,North,Clothing,Shirt,2,956,1912,434.39,Debit Card
1952,15-11-2024,Cody Myers,West,Electronics,Smartphone,3,1273,3819,688.5,Debit Card
1953,31-01-2024,Keith Nichols,West,Electronics,Tablet,4,1239,4956,1361.36,Debit Card
1954,24-03-2024,Jesse Grant,East,Clothing,T-Shirt,2,219,438,129.52,Debit Card
1955,24-08-2024,Patricia Cochran,West,Clothing,T-Shirt,1,1349,1349,146.06,Debit Card
1956,02-03-2024,Leah Williams,East,Electronics,Smartwatch,4,1100,4400,1242.58,UPI
1957,19-06-2024,Cindy Brown,East,Clothing,T-Shirt,3,1338,4014,1039.05,UPI
1958,29-01-2024,Anthony Lopez,East,Electronics,Smartphone,1,622,622,99.24,Debit Card
1959,10-07-2024,Christina Carter,South,Electronics,Smartwatch,3,602,1806,242.57,Debit Card
1960,14-10-2024,Anita Watson DDS,South,Clothing,Jeans,1,271,271,49.6,Cash
1961,03-11-2024,William Cook,East,Clothing,Shirt,2,20,40,9.72,Credit Card
1962,30-04-2024,Rebecca Carpenter,East,Furniture,Study Table,2,692,1384,296.37,UPI
1963,05-01-2024,Heather Murphy,South,Electronics,Smartwatch,3,891,2673,330.71,Credit Card
1964,18-04-2024,Hannah Garcia,North,Clothing,Jacket,5,1428,7140,1141.79,Cash
1965,07-08-2024,Andrew Smith,West,Clothing,Jacket,1,55,55,10.93,Credit Card
1966,06-09-2024,Sabrina Smith,West,Clothing,T-Shirt,2,532,1064,154.71,Debit Card
1967,31-03-2024,Laura Carter,South,Clothing,Jacket,4,623,2492,649.77,Cash
1968,02-01-2024,Kenneth Medina,East,Clothing,Shirt,4,457,1828,257.31,Debit Card
1969,08-09-2024,Maureen Salinas,South,Furniture,Study Table,3,465,1395,148.83,Cash
1970,19-02-2024,Kyle Gross,West,Clothing,Jacket,2,284,568,90.11,Credit Card
1971,09-09-2024,Amanda Williams,East,Furniture,Office Chair,2,1359,2718,308.09,Credit Card
1972,06-06-2024,Carolyn James,North,Clothing,T-Shirt,1,320,320,56.13,Credit Card
1973,17-09-2024,Jason Harris,East,Furniture,Office Chair,2,1263,2526,619.83,Debit Card
1974,18-07-2024,Linda Byrd,North,Electronics,Smartphone,5,916,4580,700.05,Debit Card
1975,10-06-2024,William Williams PhD,East,Clothing,Shirt,4,665,2660,321.99,Debit Card
1976,11-05-2024,Clinton Gonzalez,West,Furniture,Study Table,1,1253,1253,133.78,Credit Card
1977,14-01-2024,Edward Morris,West,Furniture,Bookshelf,4,1013,4052,1136.41,UPI
1978,11-10-2024,Charles Ray,North,Clothing,Shirt,5,914,4570,1279.78,Cash
1979,10-06-2024,Tony Salinas,South,Electronics,Tablet,5,879,4395,532.57,Debit Card
1980,12-02-2024,Vanessa Mathews,East,Electronics,Smartwatch,5,516,2580,712.28,Credit Card
1981,12-07-2024,James Walker,North,Electronics,Bluetooth Speaker,3,431,1293,315.14,Cash
1982,22-10-2024,Justin Ramos,North,Electronics,Smartphone,4,906,3624,994.94,Cash
1983,29-08-2024,Heidi Williams,West,Clothing,Jacket,4,1206,4824,631.28,Credit Card
1984,27-08-2024,Cindy Ross,North,Electronics,Laptop,1,670,670,183.37,Cash
1985,28-03-2024,Angela Rodriguez,South,Furniture,Study Table,4,144,576,98.73,Cash
1986,07-12-2024,Alfred Wilson,East,Clothing,Shirt,4,1187,4748,715.37,Debit Card
1987,28-08-2024,Whitney Montgomery,South,Furniture,Study Table,5,1210,6050,1509.26,UPI
1988,10-03-2024,Dawn Cannon,South,Electronics,Tablet,1,656,656,122.69,Credit Card
1989,22-05-2024,Jose Espinoza,East,Furniture,Study Table,5,601,3005,776.46,UPI
1990,16-09-2024,Penny Hensley,South,Electronics,Bluetooth Speaker,3,802,2406,686.77,Debit Card
1991,27-10-2024,David Adams,South,Furniture,Office Chair,1,229,229,51.43,Credit Card
1992,10-05-2024,Melissa Adams,North,Furniture,Bookshelf,2,716,1432,238.89,UPI
1993,24-05-2024,Amy Baker,North,Electronics,Smartwatch,3,192,576,86.93,UPI
1994,11-02-2024,Cory Peterson,East,Electronics,Bluetooth Speaker,5,831,4155,598.93,Debit Card
1995,03-04-2024,Christina Cohen,North,Furniture,Sofa,2,602,1204,344.54,Credit Card
1996,17-02-2024,Darlene Jackson,East,Electronics,Laptop,3,702,2106,606.05,Cash
1997,14-05-2024,Alyssa Ferguson,West,Clothing,T-Shirt,3,334,1002,288.72,Debit Card
1998,17-01-2024,Melinda King,North,Furniture,Office Chair,1,557,557,110.35,Cash
1999,02-10-2024,Eric Miller,East,Clothing,Jacket,5,1132,5660,775.93,Debit Card
2000,10-02-2024,Jennifer Tran,North,Furniture,Bookshelf,1,1132,1132,247.22,Debit Card
